symbol,token,name
Nifty 50,99926000,NIFTY
Nifty GrowSect 15,99926001,NIFTY GROWSECT 15
Nifty50 PR 2x Lev,99926002,NIFTY50 PR 2X LEV
Nifty 500,99926004,NIFTY 500
Nifty IT,99926008,NIFTY IT
Nifty Bank,99926009,BANKNIFTY
NIFTY MIDCAP 100,99926011,NIFTY MIDCAP 100
Nifty 100,99926012,NIFTY 100
Nifty Next 50,99926013,NIFTYNXT50
Nifty Midcap 50,99926014,NIFTY MIDCAP 50
Nifty Realty,99926018,NIFTY REALTY
Nifty Infra,99926019,NIFTY INFRA
Nifty Energy,99926020,NIFTY ENERGY
Nifty FMCG,99926021,NIFTY FMCG
Nifty MNC,99926022,NIFTY MNC
Nifty Pharma,99926023,NIFTY PHARMA
Nifty PSE,99926024,NIFTY PSE
Nifty PSU Bank,99926025,NIFTY PSU BANK
Nifty Serv Sector,99926026,NIFTY SERV SECTOR
Nifty Auto,99926029,NIFTY AUTO
Nifty Metal,99926030,NIFTY METAL
Nifty Media,99926031,NIFTY MEDIA
NIFTY SMLCAP 100,99926032,NIFTY SMLCAP 100
Nifty 200,99926033,NIFTY 200
Nifty Div Opps 50,99926034,NIFTY DIV OPPS 50
Nifty Commodities,99926035,NIFTY COMMODITIES
Nifty Consumption,99926036,NIFTY CONSUMPTION
Nifty Fin Service,99926037,FINNIFTY
Nifty50 Div Point,99926038,NIFTY50 DIV POINT
Nifty100 Liq 15,99926040,NIFTY100 LIQ 15
Nifty CPSE,99926041,NIFTY CPSE
Nifty50 PR 1x Inv,99926042,NIFTY50 PR 1X INV
Nifty50 TR 2x Lev,99926043,NIFTY50 TR 2X LEV
Nifty50 TR 1x Inv,99926044,NIFTY50 TR 1X INV
Nifty50 Value 20,99926045,NIFTY50 VALUE 20
Nifty Mid Liq 15,99926046,NIFTY MID LIQ 15
Nifty Pvt Bank,99926047,NIFTY PVT BANK
NIFTY100 Qualty30,99926048,NIFTY100 QUALTY30
Nifty GS 8 13Yr,99926049,NIFTY GS 8 13YR
Nifty GS 10Yr,99926050,NIFTY GS 10YR
Nifty GS 10Yr Cln,99926051,NIFTY GS 10YR CLN
Nifty GS 4 8Yr,99926052,NIFTY GS 4 8YR
Nifty GS 11 15Yr,99926053,NIFTY GS 11 15YR
Nifty GS 15YrPlus,99926054,NIFTY GS 15YRPLUS
Nifty GS Compsite,99926055,NIFTY GS COMPSITE
NIFTY50 EQL Wgt,99926056,NIFTY50 EQL WGT
NIFTY100 EQL Wgt,99926057,NIFTY100 EQL WGT
NIFTY100 LowVol30,99926058,NIFTY100 LOWVOL30
NIFTY Alpha 50,99926059,NIFTY ALPHA 50
NIFTY MIDCAP 150,99926060,NIFTY MIDCAP 150
NIFTY SMLCAP 50,99926061,NIFTY SMLCAP 50
NIFTY SMLCAP 250,99926062,NIFTY SMLCAP 250
NIFTY MIDSML 400,99926063,NIFTY MIDSML 400
NIFTY200 QUALTY30,99926064,NIFTY200 QUALTY30
NIFTY MID SELECT,99926074,MIDCPNIFTY
BALKRISHNA-EQ,10181,BALKRISHNA
SHYAMCENT-EQ,10188,SHYAMCENT
AARON-EQ,1030,AARON
AXISBNKETF-EQ,1044,AXISBNKETF
SATIN-EQ,10453,SATIN
UFLEX-EQ,1053,UFLEX
NAVKARCORP-EQ,10557,NAVKARCORP
KRBL-EQ,10577,KRBL
SHREEPUSHK-EQ,10588,SHREEPUSHK
MOMENTUM-EQ,10693,MOMENTUM
FOSECOIND-EQ,1073,FOSECOIND
OFSS-EQ,10738,OFSS
UNIONBANK-EQ,10753,UNIONBANK
NUCLEUS-EQ,10791,NUCLEUS
GENESYS-EQ,10905,GENESYS
JUNIORBEES-EQ,10939,JUNIORBEES
TMB-EQ,10945,TMB
INDORAMA-EQ,10993,INDORAMA
CREATIVE-EQ,11155,CREATIVE
INDIGO-EQ,11195,INDIGO
UPL-EQ,11287,UPL
SALZERELEC-EQ,11399,SALZERELEC
PILANIINVS-EQ,11445,PILANIINVS
EXCELINDUS-EQ,11471,EXCELINDUS
TCS-EQ,11536,TCS
TEXINFRA-EQ,11549,TEXINFRA
BOHRAIND-EQ,11640,BOHRAIND
DWARKESH-EQ,11667,DWARKESH
SUPRAJIT-EQ,11689,SUPRAJIT
PATELENG-EQ,11699,PATELENG
GOYALALUM-EQ,11787,GOYALALUM
ALLDIGI-EQ,11798,ALLDIGI
SHOPERSTOP-EQ,11813,SHOPERSTOP
WELCORP-EQ,11821,WELCORP
SSWL-EQ,11829,SSWL
MCLEODRUSS-EQ,11943,MCLEODRUSS
MEDANTA-EQ,11956,MEDANTA
FCSSOFT-EQ,11999,FCSSOFT
SUZLON-EQ,12018,SUZLON
FIVESTAR-EQ,12032,FIVESTAR
BASML-EQ,12034,BASML
HDFCPVTBAN-EQ,12108,HDFCPVTBAN
FINIETF-EQ,12578,FINIETF
ADANIENSOL-EQ,10217,ADANIENSOL
CSLFINANCE-EQ,10350,CSLFINANCE
JISLJALEQS-EQ,10397,JISLJALEQS
MOM30IETF-EQ,10585,MOM30IETF
ASAL-EQ,10634,ASAL
INDIAMART-EQ,10726,INDIAMART
OAL-EQ,10768,OAL
MOVALUE-EQ,10825,MOVALUE
DBOL-EQ,10893,DBOL
DANGEE-EQ,1110,DANGEE
APOLLO-EQ,1134,APOLLO
SHK-EQ,11212,SHK
WELSPUNLIV-EQ,11253,WELSPUNLIV
JAIBALAJI-EQ,11256,JAIBALAJI
HDFCNIFTY-EQ,11591,HDFCNIFTY
NTPC-EQ,11630,NTPC
JPPOWER-EQ,11763,JPPOWER
MANGALAM-EQ,11817,MANGALAM
JSWHL-EQ,11880,JSWHL
VHL-EQ,11892,VHL
FMGOETZE-EQ,1190,FMGOETZE
SCPL-EQ,12072,SCPL
KAYNES-EQ,12092,KAYNES
HNDFDS-EQ,12173,HNDFDS
GSFC-EQ,1247,GSFC
AAATECH-EQ,12533,AAATECH
SCHAEFFLER-EQ,1011,SCHAEFFLER
GODREJCP-EQ,10099,GODREJCP
FEDERALBNK-EQ,1023,FEDERALBNK
FINCABLES-EQ,1038,FINCABLES
RAMASTEEL-EQ,10300,RAMASTEEL
AURUM-EQ,10310,AURUM
CONS-EQ,10512,CONS
TCI-EQ,10580,TCI
PNB-EQ,10666,PNB
NIFTYQLITY-EQ,10690,NIFTYQLITY
SPORTKING-EQ,10733,SPORTKING
SYRMA-EQ,10793,SYRMA
RADAAN-EQ,10932,RADAAN
SANGINITA-EQ,11032,SANGINITA
BANKIETF-EQ,11037,BANKIETF
SUMIT-EQ,11140,SUMIT
BAGFILMS-EQ,11226,BAGFILMS
HDFCGROWTH-EQ,11241,HDFCGROWTH
HDFCQUAL-EQ,11255,HDFCQUAL
TVSELECT-EQ,11265,TVSELECT
BALAXI-EQ,11309,BALAXI
AFFLE-EQ,11343,AFFLE
PETRONET-EQ,11351,PETRONET
PTC-EQ,11355,PTC
GICHSGFIN-EQ,1139,GICHSGFIN
MAHABANK-EQ,11377,MAHABANK
XPROINDIA-EQ,11407,XPROINDIA
LT-EQ,11483,LT
APARINDS-EQ,11491,APARINDS
PPLPHARMA-EQ,11571,PPLPHARMA
GULFPETRO-EQ,11581,GULFPETRO
GUFICBIO-EQ,11606,GUFICBIO
KOTARISUG-EQ,11647,KOTARISUG
CONSOFINVT-EQ,11731,CONSOFINVT
GEOJITFSL-EQ,11896,GEOJITFSL
HDFCNIFIT-EQ,12101,HDFCNIFIT
DELTAMAGNT-EQ,1214,DELTAMAGNT
DOLATALGO-EQ,12124,DOLATALGO
SYNGENE-EQ,10243,SYNGENE
MOHEALTH-EQ,10508,MOHEALTH
UTISENSETF-EQ,10515,UTISENSETF
BHARTIARTL-EQ,10604,BHARTIARTL
MOQUALITY-EQ,10822,MOQUALITY
GODREJIND-EQ,10925,GODREJIND
DIVISLAB-EQ,10940,DIVISLAB
KSOLVES-EQ,11060,KSOLVES
VARDHACRLC-EQ,11220,VARDHACRLC
LUXIND-EQ,11301,LUXIND
DHANBANK-EQ,11359,DHANBANK
TIPSFILMS-EQ,11374,TIPSFILMS
POONAWALLA-EQ,11403,POONAWALLA
GIPCL-EQ,1145,GIPCL
NEWGEN-EQ,1164,NEWGEN
ALKEM-EQ,11703,ALKEM
XCHANGING-EQ,11705,XCHANGING
ACEINTEG-EQ,11779,ACEINTEG
JKPAPER-EQ,11860,JKPAPER
FAZE3Q-EQ,12000,FAZE3Q
TEAMLEASE-EQ,12716,TEAMLEASE
KRISHANA-EQ,12847,KRISHANA
GFLLIMITED-EQ,1289,GFLLIMITED
360ONE-EQ,13061,360ONE
ORIENTCER-EQ,13111,ORIENTCER
CELEBRITY-EQ,13162,CELEBRITY
INDOTECH-EQ,13275,INDOTECH
M&MFIN-EQ,13285,M&MFIN
NITCO-EQ,13300,NITCO
SUNTV-EQ,13404,SUNTV
RAMANEWS-EQ,13565,RAMANEWS
FLUOROCHEM-EQ,13750,FLUOROCHEM
GREENPANEL-EQ,13810,GREENPANEL
DONEAR-EQ,13839,DONEAR
LUMAXTECH-EQ,14014,LUMAXTECH
SIYSIL-EQ,14096,SIYSIL
NETWORK18-EQ,14111,NETWORK18
UNOMINDA-EQ,14154,UNOMINDA
PAGEIND-EQ,14413,PAGEIND
KMSUGAR-EQ,14667,KMSUGAR
DLF-EQ,14732,DLF
AXSENSEX-EQ,14742,AXSENSEX
031NSETEST-EQ,14753,031NSETEST
041NSETEST-EQ,14755,041NSETEST
131NSETEST-EQ,14778,131NSETEST
SPARC-EQ,14788,SPARC
CENTRALBK-EQ,14894,CENTRALBK
KPRMILL-EQ,14912,KPRMILL
TAKE-EQ,14917,TAKE
CIEINDIA-EQ,14937,CIEINDIA
RELIGARE-EQ,15068,RELIGARE
EDELWEISS-EQ,15119,EDELWEISS
JYOTHYLAB-EQ,15146,JYOTHYLAB
KIRLPNU-EQ,15180,KIRLPNU
KAVDEFENCE-EQ,15244,KAVDEFENCE
KNRCON-EQ,15283,KNRCON
PDMJEPAPER-EQ,15377,PDMJEPAPER
RACE-EQ,15391,RACE
TATAINVEST-EQ,1621,TATAINVEST
KIRIINDUS-EQ,16639,KIRIINDUS
PTCIL-EQ,16682,PTCIL
GHCLTEXTIL-EQ,16696,GHCLTEXTIL
UBL-EQ,16713,UBL
LPDC-EQ,16863,LPDC
ARTEMISMED-EQ,16913,ARTEMISMED
20MICRONS-EQ,16921,20MICRONS
MAWANASUG-EQ,17022,MAWANASUG
ARMANFIN-EQ,17263,ARMANFIN
ASPINWALL-EQ,17270,ASPINWALL
BANKETF-EQ,17419,BANKETF
GLOBUSSPR-EQ,17424,GLOBUSSPR
EXPLEOSOL-EQ,17486,EXPLEOSOL
MAHEPC-EQ,17603,MAHEPC
DEN-EQ,17722,DEN
TREL-EQ,17795,TREL
WHIRLPOOL-EQ,18011,WHIRLPOOL
JYOTISTRUC-EQ,1802,JYOTISTRUC
MBLINFRA-EQ,18029,MBLINFRA
THANGAMAYL-EQ,18118,THANGAMAYL
YASHO-EQ,18131,YASHO
ORIENTLTD-EQ,18208,ORIENTLTD
RATNAVEER-EQ,18423,RATNAVEER
ICICIPRULI-EQ,18652,ICICIPRULI
SJVN-EQ,18883,SJVN
MVGJL-EQ,19015,MVGJL
IMFA-EQ,19235,IMFA
AARTISURF-EQ,19233,AARTISURF
PLAZACABLE-EQ,19458,PLAZACABLE
SECMARK-EQ,19496,SECMARK
PRAKASHSTL-EQ,19599,PRAKASHSTL
PRICOLLTD-EQ,19631,PRICOLLTD
ADFFOODS-EQ,19761,ADFFOODS
EGOLD-EQ,19933,EGOLD
KILITCH-EQ,19937,KILITCH
INTENTECH-EQ,20071,INTENTECH
GREENPOWER-EQ,20110,GREENPOWER
ESILVER-EQ,20257,ESILVER
PRESTIGE-EQ,20302,PRESTIGE
FEDFINA-EQ,20322,FEDFINA
RAMCOCEM-EQ,2043,RAMCOCEM
SUPERHOUSE-EQ,20616,SUPERHOUSE
SURAJEST-EQ,20822,SURAJEST
MAHSCOOTER-EQ,2085,MAHSCOOTER
RKDL-EQ,20950,RKDL
MARALOVER-EQ,2112,MARALOVER
GTPL-EQ,21195,GTPL
MOM100-EQ,21423,MOM100
UTINEXT50-EQ,21478,UTINEXT50
STEL-EQ,21484,STEL
APEX-EQ,21623,APEX
DIXON-EQ,21690,DIXON
BANKBETF-EQ,21986,BANKBETF
ITIETF-EQ,22365,ITIETF
JSFB-EQ,22663,JSFB
MON100-EQ,22739,MON100
EXICOM-EQ,22947,EXICOM
KRYSTAL-EQ,23175,KRYSTAL
GLOSTERLTD-EQ,23590,GLOSTERLTD
ABSLPSE-EQ,23806,ABSLPSE
PEL-EQ,2412,PEL
PIIND-EQ,24184,PIIND
STANLEY-EQ,24226,STANLEY
COMMOIETF-EQ,13198,COMMOIETF
JKCEMENT-EQ,13270,JKCEMENT
KEI-EQ,13310,KEI
HEG-EQ,1336,HEG
VAKRANGEE-EQ,13342,VAKRANGEE
PFOCUS-EQ,13496,PFOCUS
ALLCARGO-EQ,13501,ALLCARGO
MUNJALAU-EQ,13511,MUNJALAU
TALBROAUTO-EQ,13648,TALBROAUTO
NRL-EQ,13675,NRL
ACLGATI-EQ,13688,ACLGATI
KAMOPAINTS-EQ,13814,KAMOPAINTS
VENUSREM-EQ,13859,VENUSREM
KUANTUM-EQ,13870,KUANTUM
HBLENGINE-EQ,13966,HBLENGINE
TANLA-EQ,13976,TANLA
ABSLBANETF-EQ,13987,ABSLBANETF
AVTNPL-EQ,14008,AVTNPL
GANDHITUBE-EQ,14116,GANDHITUBE
HINDZINC-EQ,1424,HINDZINC
POCL-EQ,14385,POCL
GOLDBEES-EQ,14428,GOLDBEES
GOLDSHARE-EQ,14535,GOLDSHARE
AKZOINDIA-EQ,1467,AKZOINDIA
081NSETEST-EQ,14767,081NSETEST
LOWVOL-EQ,14786,LOWVOL
MEGASOFT-EQ,14793,MEGASOFT
OMAXE-EQ,14853,OMAXE
MAGNUM-EQ,14957,MAGNUM
DVL-EQ,15214,DVL
AMBIKCO-EQ,15234,AMBIKCO
VIRINCHI-EQ,15295,VIRINCHI
DPSCLTD-EQ,15419,DPSCLTD
RKEC-EQ,1547,RKEC
INFY-EQ,1594,INFY
IONEXCHANG-EQ,1630,IONEXCHANG
ANDHRAPAP-EQ,166,ANDHRAPAP
VAISHALI-EQ,16589,VAISHALI
SIGMA-EQ,16658,SIGMA
DIGISPICE-EQ,16683,DIGISPICE
GOKUL-EQ,16705,GOKUL
IVP-EQ,1681,IVP
DPWIRES-EQ,16900,DPWIRES
MIDCAPIETF-EQ,17152,MIDCAPIETF
SENCO-EQ,17271,SENCO
ADANIPOWER-EQ,17388,ADANIPOWER
OIL-EQ,17438,OIL
NV20IETF-EQ,17475,NV20IETF
RTNPOWER-EQ,17520,RTNPOWER
MAHASTEEL-EQ,17527,MAHASTEEL
PSUBANKADD-EQ,17616,PSUBANKADD
YATHARTH-EQ,17738,YATHARTH
SHILPAMED-EQ,17752,SHILPAMED
GROBTEA-EQ,17770,GROBTEA
GEEKAYWIRE-EQ,17922,GEEKAYWIRE
HINDCOPPER-EQ,17939,HINDCOPPER
NESTLEIND-EQ,17963,NESTLEIND
SRGHFL-EQ,18119,SRGHFL
SPAL-EQ,18252,SPAL
NIFMID150-EQ,18347,NIFMID150
RBLBANK-EQ,18391,RBLBANK
POWERINDIA-EQ,18457,POWERINDIA
KIRLOSBROS-EQ,18581,KIRLOSBROS
MARATHON-EQ,18659,MARATHON
TARAPUR-EQ,18827,TARAPUR
VERTOZ-EQ,18863,VERTOZ
PNBHOUSING-EQ,18908,PNBHOUSING
STYRENIX-EQ,19,STYRENIX
LIQUIDETF-EQ,1927,LIQUIDETF
SFL-EQ,19184,SFL
SPCENET-EQ,19372,SPCENET
BOROLTD-EQ,19401,BOROLTD
BAJAJCON-EQ,19531,BAJAJCON
BSE-EQ,19585,BSE
HONASA-EQ,19813,HONASA
AKSHARCHEM-EQ,20178,AKSHARCHEM
IREDA-EQ,20261,IREDA
BAJEL-EQ,20531,BAJEL
DOLLAR-EQ,20560,DOLLAR
HAPPYFORGE-EQ,20854,HAPPYFORGE
CDSL-EQ,21174,CDSL
AUBANK-EQ,21238,AUBANK
LOWVOLIETF-EQ,21254,LOWVOLIETF
MFSL-EQ,2142,MFSL
STEELXIND-EQ,21339,STEELXIND
BDL-EQ,2144,BDL
THEINVEST-EQ,21427,THEINVEST
TATSILV-EQ,21428,TATSILV
COCHINSHIP-EQ,21508,COCHINSHIP
RAJMET-EQ,2168,RAJMET
LIQUIDCASE-EQ,21750,LIQUIDCASE
EBBETF0431-EQ,22239,EBBETF0431
NDRAUTO-EQ,22255,NDRAUTO
MCL-EQ,22360,MCL
TOTAL-EQ,22423,TOTAL
HLEGLAS-EQ,2289,HLEGLAS
LANCORHOL-EQ,23027,LANCORHOL
JGCHEM-EQ,23056,JGCHEM
GOPAL-EQ,23066,GOPAL
NELCO-EQ,2388,NELCO
RELAXO-EQ,24225,RELAXO
VRAJ-EQ,24321,VRAJ
IIFLCAPS-EQ,13072,IIFLCAPS
REPRO-EQ,13126,REPRO
ROHLTD-EQ,13182,ROHLTD
GSPL-EQ,13197,GSPL
BLKASHYAP-EQ,13290,BLKASHYAP
CENTURYPLY-EQ,13305,CENTURYPLY
KKCL-EQ,13381,KKCL
AKASH-EQ,13510,AKASH
GRINDWELL-EQ,13560,GRINDWELL
RADIANTCMS-EQ,13580,RADIANTCMS
HINDALCO-EQ,1363,HINDALCO
GEECEE-EQ,13658,GEECEE
FIEMIND-EQ,13710,FIEMIND
GLOBALVECT-EQ,13735,GLOBALVECT
RUCHIRA-EQ,13821,RUCHIRA
AARTIPHARM-EQ,13868,AARTIPHARM
PLASTIBLEN-EQ,13920,PLASTIBLEN
JASH-EQ,13982,JASH
PTL-EQ,14101,PTL
CTE-EQ,14218,CTE
TIIL-EQ,14223,TIIL
REDINGTON-EQ,14255,REDINGTON
PGIL-EQ,14260,PGIL
ORIENTBELL-EQ,14278,ORIENTBELL
SEQUENT-EQ,14296,SEQUENT
INDIANB-EQ,14309,INDIANB
HSCL-EQ,14334,HSCL
APOLLOPIPE-EQ,14361,APOLLOPIPE
ICRA-EQ,14523,ICRA
ZENITHSTL-EQ,14562,ZENITHSTL
NAVINFLUOR-EQ,14672,NAVINFLUOR
GOACARBON-EQ,14687,GOACARBON
151NSETEST-EQ,14782,151NSETEST
INDOWIND-EQ,14952,INDOWIND
CCCL-EQ,14992,CCCL
RECLTD-EQ,15355,RECLTD
ATAM-EQ,15404,ATAM
TARC-EQ,1581,TARC
HCG-EQ,15555,HCG
PRINCEPIPE-EQ,16045,PRINCEPIPE
APOLLOTYRE-EQ,163,APOLLOTYRE
IOC-EQ,1624,IOC
ANIKINDS-EQ,16657,ANIKINDS
JOCIL-EQ,16927,JOCIL
SHARIABEES-EQ,17044,SHARIABEES
PALREDTEC-EQ,17062,PALREDTEC
SUMICHEM-EQ,17105,SUMICHEM
SENSEXADD-EQ,17613,SENSEXADD
ZYDUSWELL-EQ,17635,ZYDUSWELL
GODREJPROP-EQ,17875,GODREJPROP
BAYERCROP-EQ,17927,BAYERCROP
VLEGOV-EQ,18012,VLEGOV
SBFC-EQ,18026,SBFC
SANDUMA-EQ,18359,SANDUMA
TCPLPACK-EQ,184,TCPLPACK
KCP-EQ,1841,KCP
TVVISION-EQ,18504,TVVISION
DIACABS-EQ,18543,DIACABS
JLHL-EQ,18553,JLHL
CUMMINSIND-EQ,1901,CUMMINSIND
KIOCL-EQ,19126,KIOCL
KOPRAN-EQ,1919,KOPRAN
MOM50-EQ,19289,MOM50
MUFIN-EQ,19783,MUFIN
RADIOCITY-EQ,19877,RADIOCITY
LIBERTSHOE-EQ,1994,LIBERTSHOE
DMART-EQ,19913,DMART
LICHSGFIN-EQ,1997,LICHSGFIN
INFRABEES-EQ,20072,INFRABEES
LUMAXIND-EQ,2018,LUMAXIND
RAMKY-EQ,20134,RAMKY
ZEELEARN-EQ,20852,ZEELEARN
STARCEMENT-EQ,21091,STARCEMENT
ASHOKLEY-EQ,212,ASHOKLEY
MASTEK-EQ,2124,MASTEK
AVADHSUGAR-EQ,21406,AVADHSUGAR
MATRIMONY-EQ,21726,MATRIMONY
SBILIFE-EQ,21808,SBILIFE
SUNDARMHLD-EQ,2183,SUNDARMHLD
MACPOWER-EQ,22347,MACPOWER
EPACK-EQ,22463,EPACK
SIGNPOST-EQ,22656,SIGNPOST
MRF-EQ,2277,MRF
NCC-EQ,2319,NCC
BHARTIHEXA-EQ,23489,BHARTIHEXA
MUTHOOTFIN-EQ,23650,MUTHOOTFIN
TBOTEK-EQ,23740,TBOTEK
AWFIS-EQ,23864,AWFIS
TOP100CASE-EQ,24081,TOP100CASE
VADILALIND-EQ,24196,VADILALIND
IVZINNIFTY-EQ,24217,IVZINNIFTY
DHARMAJ-EQ,13001,DHARMAJ
HARRMALAYA-EQ,1313,HARRMALAYA
GSEC10IETF-EQ,13143,GSEC10IETF
ENIL-EQ,13192,ENIL
SULA-EQ,13218,SULA
SADBHAV-EQ,13236,SADBHAV
KEC-EQ,13260,KEC
SOLARINDS-EQ,13332,SOLARINDS
MALUPAPER-EQ,13352,MALUPAPER
UTTAMSUGAR-EQ,13376,UTTAMSUGAR
EMKAY-EQ,13421,EMKAY
KELLTONTEC-EQ,13430,KELLTONTEC
AVONMORE-EQ,13557,AVONMORE
ANANTRAJ-EQ,13620,ANANTRAJ
ELECON-EQ,13643,ELECON
HCC-EQ,1375,HCC
JHS-EQ,13720,JHS
DCBBANK-EQ,13725,DCBBANK
MANALIPETC-EQ,13796,MANALIPETC
HINDUNILVR-EQ,1394,HINDUNILVR
VEEDOL-EQ,14019,VEEDOL
WANBURY-EQ,14063,WANBURY
ASMS-EQ,14064,ASMS
HDFCBSE500-EQ,14230,HDFCBSE500
HDFCMID150-EQ,14236,HDFCMID150
TFL-EQ,14319,TFL
GANESHHOU-EQ,14339,GANESHHOU
LEXUS-EQ,14459,LEXUS
AROGRANITE-EQ,14557,AROGRANITE
ALPHAGEO-EQ,14597,ALPHAGEO
HILTON-EQ,14627,HILTON
ACCURACY-EQ,1465,ACCURACY
021NSETEST-EQ,14751,021NSETEST
101NSETEST-EQ,14772,101NSETEST
141NSETEST-EQ,14781,141NSETEST
IFBIND-EQ,1485,IFBIND
IFCI-EQ,1491,IFCI
GOLD1-EQ,14858,GOLD1
ADANIPORTS-EQ,15083,ADANIPORTS
INDHOTEL-EQ,1512,INDHOTEL
COLPAL-EQ,15141,COLPAL
KALYANIFRG-EQ,15156,KALYANIFRG
UJJIVANSFB-EQ,15228,UJJIVANSFB
CORDSCABLE-EQ,15271,CORDSCABLE
ONMOBILE-EQ,15278,ONMOBILE
HERCULES-EQ,15288,HERCULES
GOLDETFADD-EQ,15356,GOLDETFADD
VGUARD-EQ,15362,VGUARD
DHANI-EQ,15384,DHANI
RVHL-EQ,1565,RVHL
EIHAHOTELS-EQ,15399,EIHAHOTELS
MGEL-EQ,1593,MGEL
SILVERAG-EQ,16777,SILVERAG
PATANJALI-EQ,17029,PATANJALI
URAVIDEF-EQ,17071,URAVIDEF
AJMERA-EQ,17307,AJMERA
SALONA-EQ,17351,SALONA
PREMEXPLN-EQ,17397,PREMEXPLN
LIQUID-EQ,17572,LIQUID
PVTBANKADD-EQ,17576,PVTBANKADD
ASALCBR-EQ,17598,ASALCBR
SOMICONVEY-EQ,17794,SOMICONVEY
AHLUCONT-EQ,17833,AHLUCONT
MMTC-EQ,17957,MMTC
ARENTERP-EQ,181,ARENTERP
EMMBI-EQ,18142,EMMBI
KECL-EQ,18220,KECL
ISFT-EQ,18479,ISFT
KESORAMIND-EQ,1859,KESORAMIND
KSL-EQ,18889,KSL
ROLLT-EQ,19104,ROLLT
HISARMETAL-EQ,19322,HISARMETAL
KSB-EQ,1949,KSB
KREBSBIO-EQ,1937,KREBSBIO
AHLEAST-EQ,19438,AHLEAST
HDFCGOLD-EQ,19543,HDFCGOLD
TRENT-EQ,1964,TRENT
ITETF-EQ,19633,ITETF
LMW-EQ,1979,LMW
GPPL-EQ,19731,GPPL
LGHL-EQ,19876,LGHL
DEEPAKNTR-EQ,19943,DEEPAKNTR
BEDMUTHA-EQ,20196,BEDMUTHA
M&M-EQ,2031,M&M
IOLCP-EQ,20413,IOLCP
GRAVITA-EQ,20534,GRAVITA
BBNPPGOLD-EQ,20547,BBNPPGOLD
PENIND-EQ,20621,PENIND
SCHAND-EQ,20698,SCHAND
MOIL-EQ,20830,MOIL
SUNCLAY-EQ,20956,SUNCLAY
DYNPRO-EQ,21314,DYNPRO
SALASAR-EQ,21362,SALASAR
SIS-EQ,21501,SIS
SMSLIFE-EQ,21551,SMSLIFE
ABCAPITAL-EQ,21614,ABCAPITAL
AKG-EQ,2176,AKG
CHOLAHLDNG-EQ,21740,CHOLAHLDNG
BOSCHLTD-EQ,2181,BOSCHLTD
DIAMONDYD-EQ,21840,DIAMONDYD
IEX-EQ,220,IEX
MODIRUBBER-EQ,2229,MODIRUBBER
WORTH-EQ,22277,WORTH
TIRUPATIFL-EQ,22282,TIRUPATIFL
LOVABLE-EQ,22415,LOVABLE
NIF5GETF-EQ,22521,NIF5GETF
HEALTHADD-EQ,22592,HEALTHADD
HDFCPSUBK-EQ,22595,HDFCPSUBK
VSTL-EQ,22730,VSTL
RKSWAMY-EQ,23043,RKSWAMY
HEIDELBERG-EQ,2316,HEIDELBERG
171NSETEST-EQ,23446,171NSETEST
NURECA-EQ,2350,NURECA
TARACHAND-EQ,23512,TARACHAND
GODIGIT-EQ,23799,GODIGIT
IXIGO-EQ,24067,IXIGO
MID150CASE-EQ,24077,MID150CASE
DEEDEV-EQ,24154,DEEDEV
ESTER-EQ,24265,ESTER
ASHIANA-EQ,24403,ASHIANA
CENTRUM-EQ,2454,CENTRUM
OILCOUNTUB-EQ,2472,OILCOUNTUB
SUYOG-EQ,24851,SUYOG
METALIETF-EQ,24861,METALIETF
ORIENTPPR-EQ,2496,ORIENTPPR
MFML-EQ,24937,MFML
BODALCHEM-EQ,25017,BODALCHEM
PANAMAPET-EQ,25392,PANAMAPET
GROWWLIQID-EQ,25447,GROWWLIQID
HYUNDAI-EQ,25844,HYUNDAI
MTARTECH-EQ,2709,MTARTECH
BLACKBUCK-EQ,27144,BLACKBUCK
RTNINDIA-EQ,27297,RTNINDIA
SAMPANN-EQ,27303,SAMPANN
PRSMJOHNSN-EQ,2739,PRSMJOHNSN
IGIL-EQ,28378,IGIL
CARRARO-EQ,28879,CARRARO
ROSSELLIND-EQ,28913,ROSSELLIND
NEXT30ADD-EQ,29464,NEXT30ADD
GROWWRAIL-EQ,29527,GROWWRAIL
SAKHTISUG-EQ,2969,SAKHTISUG
QPOWER-EQ,29711,QPOWER
NIF100IETF-EQ,30392,NIF100IETF
VEDL-EQ,3063,VEDL
PILITA-EQ,30835,PILITA
HONDAPOWER-EQ,3138,HONDAPOWER
SURYAROSNI-EQ,3375,SURYAROSNI
SWARAJENG-EQ,3384,SWARAJENG
MAFANG-EQ,3507,MAFANG
HEALTHIETF-EQ,3626,HEALTHIETF
JUBLPHARMA-EQ,3637,JUBLPHARMA
VESUVIUS-EQ,3676,VESUVIUS
VOLTAS-EQ,3718,VOLTAS
BBTC-EQ,380,BBTC
SINTERCOM-EQ,381,SINTERCOM
VSTIND-EQ,3724,VSTIND
FINEORG-EQ,3744,FINEORG
KHAITANLTD-EQ,3912,KHAITANLTD
21STCENMGM-EQ,4,21STCENMGM
PANACEABIO-EQ,4055,PANACEABIO
MARICO-EQ,4067,MARICO
SAMBHAAV-EQ,4127,SAMBHAAV
ALKYLAMINE-EQ,4487,ALKYLAMINE
3MINDIA-EQ,474,3MINDIA
BANKINDIA-EQ,4745,BANKINDIA
SHARDACROP-EQ,4992,SHARDACROP
BOMDYEING-EQ,513,BOMDYEING
SBIETFCON-EQ,5168,SBIETFCON
ANTGRAPHIC-EQ,5194,ANTGRAPHIC
BRITANNIA-EQ,547,BRITANNIA
YUKEN-EQ,5501,YUKEN
SHANTI-EQ,5650,SHANTI
BANKNIFTY1-EQ,5851,BANKNIFTY1
LAGNAM-EQ,5865,LAGNAM
GRAPHITE-EQ,592,GRAPHITE
AXISBANK-EQ,5900,AXISBANK
GULPOLY-EQ,6286,GULPOLY
LAMBODHARA-EQ,6407,LAMBODHARA
GENUSPAPER-EQ,6600,GENUSPAPER
SJS-EQ,6643,SJS
DMCC-EQ,6973,DMCC
SHALBY-EQ,714,SHALBY
HESTERBIO-EQ,7048,HESTERBIO
METROBRAND-EQ,7242,METROBRAND
MONQ50-EQ,7422,MONQ50
AONENIFTY-EQ,757096,AONENIFTY
EQUAL50-EQ,757142,EQUAL50
BLUSPRING-EQ,757520,BLUSPRING
LIQGRWBEES-EQ,757725,LIQGRWBEES
BRIGHOTEL-EQ,757794,BRIGHOTEL
DHANUKA-EQ,24409,DHANUKA
AGIIL-EQ,24445,AGIIL
EVINDIA-EQ,24461,EVINDIA
SBINEQWETF-EQ,24524,SBINEQWETF
FILATEX-EQ,24532,FILATEX
RPEL-EQ,24735,RPEL
BSLNIFTY-EQ,24781,BSLNIFTY
INVENTURE-EQ,24870,INVENTURE
ORIENTHOT-EQ,2493,ORIENTHOT
WINDMACHIN-EQ,24969,WINDMACHIN
PNGJL-EQ,25312,PNGJL
RUPA-EQ,25724,RUPA
KANANIIND-EQ,25786,KANANIIND
AFFORDABLE-EQ,25855,AFFORDABLE
DBEIL-EQ,25892,DBEIL
GODAVARIB-EQ,25941,GODAVARIB
SEAMECLTD-EQ,2616,SEAMECLTD
HERANBA-EQ,2614,HERANBA
DIVOPPBEES-EQ,2636,DIVOPPBEES
PCBL-EQ,2649,PCBL
POLYPLEX-EQ,2687,POLYPLEX
ABINFRA-EQ,27020,ABINFRA
EIEL-EQ,27213,EIEL
ROSSTECH-EQ,27353,ROSSTECH
RAJSREESUG-EQ,2809,RAJSREESUG
RALLIS-EQ,2816,RALLIS
RCF-EQ,2866,RCF
HITECH-EQ,2868,HITECH
MAYURUNIQ-EQ,28906,MAYURUNIQ
UNIMECH-EQ,28960,UNIMECH
RICOAUTO-EQ,2909,RICOAUTO
ZUARI-EQ,29050,ZUARI
SGLTL-EQ,29075,SGLTL
INDUSTOWER-EQ,29135,INDUSTOWER
STALLION-EQ,29204,STALLION
SUPREME-EQ,29439,SUPREME
PROTEAN-EQ,29472,PROTEAN
HEXT-EQ,29666,HEXT
MSCIINDIA-EQ,29758,MSCIINDIA
SANGHIIND-EQ,2997,SANGHIIND
KOHINOOR-EQ,3009,KOHINOOR
AXISVALUE-EQ,30155,AXISVALUE
SAURASHCEM-EQ,3018,SAURASHCEM
ESSENTIA-EQ,30323,ESSENTIA
SBIN-EQ,3045,SBIN
SPECTRUM-EQ,30455,SPECTRUM
SHREYANIND-EQ,3126,SHREYANIND
MCX-EQ,31181,MCX
NBCC-EQ,31415,NBCC
LODHA-EQ,3220,LODHA
TEMBO-EQ,3275,TEMBO
MODISONLTD-EQ,3316,MODISONLTD
SUPERSPIN-EQ,3357,SUPERSPIN
BANARBEADS-EQ,347,BANARBEADS
SMLISUZU-EQ,3387,SMLISUZU
TATAELXSI-EQ,3411,TATAELXSI
UNIVCABLES-EQ,3607,UNIVCABLES
BASF-EQ,368,BASF
VIPIND-EQ,3703,VIPIND
VENKEYS-EQ,3757,VENKEYS
WIPRO-EQ,3787,WIPRO
BHARATRAS-EQ,3834,BHARATRAS
HATSUN-EQ,3892,HATSUN
AEGISLOG-EQ,40,AEGISLOG
GOCLCORP-EQ,3963,GOCLCORP
PUNJABCHEM-EQ,4344,PUNJABCHEM
KOTHARIPET-EQ,4594,KOTHARIPET
SONACOMS-EQ,4684,SONACOMS
INDNIPPON-EQ,4747,INDNIPPON
CONCOR-EQ,4749,CONCOR
DODLA-EQ,4822,DODLA
ADROITINFO-EQ,4953,ADROITINFO
PHARMABEES-EQ,4973,PHARMABEES
UTIAMC-EQ,527,UTIAMC
GMDCLTD-EQ,5204,GMDCLTD
EXXARO-EQ,5352,EXXARO
CHEMPLASTS-EQ,5449,CHEMPLASTS
KOTHARIPRO-EQ,5528,KOTHARIPRO
AXISCETF-EQ,5732,AXISCETF
CYIENT-EQ,5748,CYIENT
CYBERTECH-EQ,6051,CYBERTECH
ATGL-EQ,6066,ATGL
CENTENKA-EQ,619,CENTENKA
IGARASHI-EQ,634,IGARASHI
MOLDTKPAC-EQ,6713,MOLDTKPAC
CIPLA-EQ,694,CIPLA
GOCOLORS-EQ,6964,GOCOLORS
ASIANENE-EQ,7030,ASIANENE
ABSLNN50ET-EQ,7339,ABSLNN50ET
COROMANDEL-EQ,739,COROMANDEL
EVIETF-EQ,755881,EVIETF
NPST-EQ,756324,NPST
MONEXT50-EQ,757167,MONEXT50
SNXT30BEES-EQ,757455,SNXT30BEES
IGCL-EQ,757801,IGCL
MOMIDMTM-EQ,757817,MOMIDMTM
ANTHEM-EQ,757885,ANTHEM
BORANA-EQ,757919,BORANA
MIDHANI-EQ,2463,MIDHANI
RELTD-EQ,24596,RELTD
AKUMS-EQ,24715,AKUMS
CEIGALL-EQ,24742,CEIGALL
GSEC10ABSL-EQ,24847,GSEC10ABSL
LTF-EQ,24948,LTF
ECOSMOBLTY-EQ,25060,ECOSMOBLTY
ASAHISONG-EQ,25088,ASAHISONG
BCLIND-EQ,2513,BCLIND
BROOKS-EQ,25136,BROOKS
RVTH-EQ,25157,RVTH
WCIL-EQ,25403,WCIL
UYFINCORP-EQ,25626,UYFINCORP
ESSARSHPNG-EQ,25634,ESSARSHPNG
LLOYDSENT-EQ,25807,LLOYDSENT
VINCOFE-EQ,25835,VINCOFE
WAAREEENER-EQ,25907,WAAREEENER
AFCONS-EQ,25977,AFCONS
NIFTY,26000,NIFTY
CHEMCON-EQ,270,CHEMCON
SPECIALITY-EQ,27107,SPECIALITY
AUROPHARMA-EQ,275,AUROPHARMA
AUTOAXLES-EQ,278,AUTOAXLES
JUBLINGREA-EQ,2783,JUBLINGREA
CHEMFAB-EQ,2799,CHEMFAB
ARVEE-EQ,2814,ARVEE
RIIL-EQ,2912,RIIL
NAZARA-EQ,2987,NAZARA
VIVIDHA-EQ,29877,VIVIDHA
ORIENTCEM-EQ,30089,ORIENTCEM
EQUAL200-EQ,30121,EQUAL200
BHARATSE-EQ,30244,BHARATSE
TIINDIA-EQ,312,TIINDIA
RHIM-EQ,31163,RHIM
SCHNEIDER-EQ,31234,SCHNEIDER
SKFINDIA-EQ,3186,SKFINDIA
STARPAPER-EQ,3291,STARPAPER
SUNFLAG-EQ,3348,SUNFLAG
THOMASCOOK-EQ,3481,THOMASCOOK
UCAL-EQ,3570,UCAL
TATACOMM-EQ,3721,TATACOMM
WALCHANNAG-EQ,3736,WALCHANNAG
ZUARIIND-EQ,3827,ZUARIIND
NATCOPHARM-EQ,3918,NATCOPHARM
GREENPLY-EQ,3987,GREENPLY
AUSOMENT-EQ,4037,AUSOMENT
BHARATFORG-EQ,422,BHARATFORG
REGENCERAM-EQ,4130,REGENCERAM
GULFOILLUB-EQ,4391,GULFOILLUB
MIRZAINT-EQ,4394,MIRZAINT
JAGSNPHARM-EQ,4410,JAGSNPHARM
JCHAC-EQ,4491,JCHAC
DYNAMATECH-EQ,4525,DYNAMATECH
GUJRAFFIA-EQ,4548,GUJRAFFIA
SNOWMAN-EQ,4843,SNOWMAN
HINDCON-EQ,4920,HINDCON
IPL-EQ,4934,IPL
IRCON-EQ,4986,IRCON
SHEMAROO-EQ,5068,SHEMAROO
JAICORPLTD-EQ,5143,JAICORPLTD
STYLAMIND-EQ,5186,STYLAMIND
BPCL-EQ,526,BPCL
DEVYANI-EQ,5373,DEVYANI
TRIGYN-EQ,5428,TRIGYN
ACUTAAS-EQ,5578,ACUTAAS
FCL-EQ,6198,FCL
SELMC-EQ,6262,SELMC
MEDICAMEQ-EQ,6278,MEDICAMEQ
CHAMBLFERT-EQ,637,CHAMBLFERT
DNAMEDIA-EQ,641,DNAMEDIA
LAXMICOT-EQ,6568,LAXMICOT
JINDALSTEL-EQ,6733,JINDALSTEL
FOCUS-EQ,6836,FOCUS
GREENLAM-EQ,6848,GREENLAM
VISHNU-EQ,6908,VISHNU
MENONBE-EQ,6961,MENONBE
ACCELYA-EQ,7053,ACCELYA
SETFNN50-EQ,7353,SETFNN50
NIFTY50ADD-EQ,7451,NIFTY50ADD
GROWWMOM50-EQ,756086,GROWWMOM50
SILVER360-EQ,756150,SILVER360
GROWWSLVR-EQ,756827,GROWWSLVR
MON50EQUAL-EQ,756900,MON50EQUAL
PRIMO-EQ,756925,PRIMO
MOPSE-EQ,757431,MOPSE
DIGITIDE-EQ,757515,DIGITIDE
RMDRIP-EQ,757834,RMDRIP
TOP15IETF-EQ,757781,TOP15IETF
CRIZAC-EQ,757850,CRIZAC
NOCIL-EQ,2442,NOCIL
AVANTEL-EQ,24610,AVANTEL
RUBFILA-EQ,24730,RUBFILA
ONGC-EQ,2475,ONGC
GROWWEV-EQ,24798,GROWWEV
INTERARCH-EQ,24909,INTERARCH
TOP10ADD-EQ,25171,TOP10ADD
TIJARIA-EQ,25482,TIJARIA
METAL-EQ,25744,METAL
GROWWDEFNC-EQ,25758,GROWWDEFNC
PIDILITIND-EQ,2664,PIDILITIND
TBZ-EQ,27037,TBZ
SAGILITY-EQ,27052,SAGILITY
SWIGGY-EQ,27066,SWIGGY
LIQUIDPLUS-EQ,27075,LIQUIDPLUS
CINELINE-EQ,27161,CINELINE
EASEMYTRIP-EQ,2792,EASEMYTRIP
ANUHPHR-EQ,28314,ANUHPHR
PROZONER-EQ,28859,PROZONER
DUCON-EQ,28952,DUCON
ECAPINSURE-EQ,29019,ECAPINSURE
CARERATING-EQ,29113,CARERATING
DENTA-EQ,29256,DENTA
S&SPOWER-EQ,2951,S&SPOWER
UNIONGOLD-EQ,29687,UNIONGOLD
SANDESH-EQ,2988,SANDESH
BSE500IETF-EQ,3001,BSE500IETF
SELECTIPO-EQ,30109,SELECTIPO
SHREECEM-EQ,3103,SHREECEM
BARBEQUE-EQ,3127,BARBEQUE
SIEMENS-EQ,3150,SIEMENS
LYPSAGEMS-EQ,31468,LYPSAGEMS
BAJFINANCE-EQ,317,BAJFINANCE
SUPREMEIND-EQ,3363,SUPREMEIND
AGARIND-EQ,3389,AGARIND
CAMS-EQ,342,CAMS
TAINWALCHM-EQ,3396,TAINWALCHM
WEIZMANIND-EQ,3748,WEIZMANIND
ARIHANTCAP-EQ,3813,ARIHANTCAP
BEL-EQ,383,BEL
SOMANYCERA-EQ,3880,SOMANYCERA
CAPLIPOINT-EQ,3906,CAPLIPOINT
TNPL-EQ,3980,TNPL
NIACL-EQ,399,NIACL
BERGEPAINT-EQ,404,BERGEPAINT
CORALFINAC-EQ,4007,CORALFINAC
KHADIM-EQ,425,KHADIM
HDFCAMC-EQ,4244,HDFCAMC
SENSEXIETF-EQ,4378,SENSEXIETF
CREDITACC-EQ,4421,CREDITACC
SIGIND-EQ,4522,SIGIND
RAMCOIND-EQ,4587,RAMCOIND
HAPPSTMNDS-EQ,48,HAPPSTMNDS
DCMFINSERV-EQ,4775,DCMFINSERV
ICEMAKE-EQ,489,ICEMAKE
KIMS-EQ,4847,KIMS
FDC-EQ,4898,FDC
ENGINERSIN-EQ,4907,ENGINERSIN
ICICIBANK-EQ,4963,ICICIBANK
GRINFRA-EQ,5054,GRINFRA
MAZDOCK-EQ,509,MAZDOCK
BFSI-EQ,5220,BFSI
PRITIKAUTO-EQ,5292,PRITIKAUTO
CARTRADE-EQ,5407,CARTRADE
CEMPRO-EQ,5622,CEMPRO
INTELLECT-EQ,5926,INTELLECT
MONTECARLO-EQ,5938,MONTECARLO
BHAGCHEM-EQ,6164,BHAGCHEM
CAMLINFINE-EQ,6216,CAMLINFINE
ABREL-EQ,625,ABREL
SIGACHI-EQ,6663,SIGACHI
STEELCAS-EQ,6803,STEELCAS
CHOLAFIN-EQ,685,CHOLAFIN
BAJAJHCARE-EQ,6863,BAJAJHCARE
SETFNIFBK-EQ,7361,SETFNIFBK
MANAKCOAT-EQ,7413,MANAKCOAT
TREJHARA-EQ,7518,TREJHARA
NRBBEARING-EQ,7553,NRBBEARING
OSWALPUMPS-EQ,756802,OSWALPUMPS
THELEELA-EQ,757014,THELEELA
AEGISVOPAK-EQ,757336,AEGISVOPAK
EBGNG-EQ,757862,EBGNG
GROWWNIFTY-EQ,758697,GROWWNIFTY
CPPLUS-EQ,758858,CPPLUS
CMSINFO-EQ,7603,CMSINFO
SML100CASE-EQ,758955,SML100CASE
KEEPLEARN-EQ,778,KEEPLEARN
BYKE-EQ,7919,BYKE
ZYDUSLIFE-EQ,7929,ZYDUSLIFE
AWL-EQ,8110,AWL
FIBERWEB-EQ,8159,FIBERWEB
MANYAVAR-EQ,8167,MANYAVAR
BANKA-EQ,822,BANKA
BCG-EQ,8833,BCG
CHOICEIN-EQ,8866,CHOICEIN
HARDWYN-EQ,8962,HARDWYN
ANUP-EQ,9014,ANUP
TPLPLASTEH-EQ,9219,TPLPLASTEH
STARTECK-EQ,9305,STARTECK
IOB-EQ,9348,IOB
DPABHUSHAN-EQ,936,DPABHUSHAN
AXISCADES-EQ,9436,AXISCADES
KHANDSE-EQ,9641,KHANDSE
TRIDENT-EQ,9685,TRIDENT
PARADEEP-EQ,9741,PARADEEP
NEOGEN-EQ,9917,NEOGEN
GROWWPOWER-EQ,758165,GROWWPOWER
GLOBECIVIL-EQ,758572,GLOBECIVIL
URBANCO-EQ,759084,URBANCO
SHRINGARMS-EQ,759093,SHRINGARMS
BIL-EQ,7848,BIL
AUTOBEES-EQ,7880,AUTOBEES
SHIVATEX-EQ,804,SHIVATEX
DCM-EQ,805,DCM
BSHSL-EQ,809,BSHSL
VIPULLTD-EQ,8424,VIPULLTD
XELPMOC-EQ,8477,XELPMOC
AKSHOPTFBR-EQ,8591,AKSHOPTFBR
MSUMI-EQ,8596,MSUMI
VRLLOG-EQ,8696,VRLLOG
ASTRON-EQ,874,ASTRON
SHAILY-EQ,8727,SHAILY
AVROIND-EQ,8827,AVROIND
GAEL-EQ,8828,GAEL
BALAJITELE-EQ,9158,BALAJITELE
KRITIKA-EQ,9288,KRITIKA
TAJGVK-EQ,9354,TAJGVK
SUBEXLTD-EQ,967,SUBEXLTD
ETHOSLTD-EQ,9750,ETHOSLTD
NV20BEES-EQ,9847,NV20BEES
SHANTIGOLD-EQ,758002,SHANTIGOLD
GROWWLOVOL-EQ,758300,GROWWLOVOL
RNBDENIMS-EQ,758981,RNBDENIMS
GCSL-EQ,758986,GCSL
PATELRMART-EQ,759439,PATELRMART
LFIC-EQ,7902,LFIC
KTKBANK-EQ,8054,KTKBANK
AJANTPHARM-EQ,8124,AJANTPHARM
BLBLIMITED-EQ,8132,BLBLIMITED
MOMOMENTUM-EQ,8182,MOMOMENTUM
PRITI-EQ,8304,PRITI
MITCON-EQ,8469,MITCON
NLCINDIA-EQ,8585,NLCINDIA
PRIVISCL-EQ,8825,PRIVISCL
EICHERMOT-EQ,910,EICHERMOT
TTML-EQ,8954,TTML
UMIYA-MRO-EQ,8998,UMIYA-MRO
ORCHPHARMA-EQ,926,ORCHPHARMA
ARROWGREEN-EQ,9260,ARROWGREEN
ELECTCAST-EQ,928,ELECTCAST
SILVERTUC-EQ,9422,SILVERTUC
PRUDENT-EQ,9553,PRUDENT
HIKAL-EQ,9668,HIKAL
WEWIN-EQ,9862,WEWIN
MBEL-EQ,758150,MBEL
REGAAL-EQ,758680,REGAAL
SGFIN-EQ,758853,SGFIN
AHCL-EQ,758968,AHCL
VIKRAN-EQ,758973,VIKRAN
WEL-EQ,7835,WEL
AUTOIETF-EQ,7844,AUTOIETF
SILVER-EQ,8003,SILVER
MIDCAP-EQ,8077,MIDCAP
DEVIT-EQ,8146,DEVIT
VETO-EQ,8652,VETO
DIL-EQ,8657,DIL
DRREDDY-EQ,881,DRREDDY
KHAICHEM-EQ,896,KHAICHEM
E2E-EQ,8937,E2E
UFO-EQ,9039,UFO
EIDPARRY-EQ,916,EIDPARRY
ELGIEQUIP-EQ,937,ELGIEQUIP
RAINBOW-EQ,9408,RAINBOW
SPLPETRO-EQ,9617,SPLPETRO
RELCHEMQ-EQ,9652,RELCHEMQ
EMUDHRA-EQ,9756,EMUDHRA
EVERESTIND-EQ,993,EVERESTIND
RADHIKAJWE-EQ,10343,RADHIKAJWE
MPSLTD-EQ,10578,MPSLTD
OLECTRA-EQ,10637,OLECTRA
PONNIERODE-EQ,10661,PONNIERODE
GABRIEL-EQ,1085,GABRIEL
SILVERADD-EQ,10761,SILVERADD
GVPTECH-EQ,10865,GVPTECH
MARUTI-EQ,10999,MARUTI
LIQUIDBEES-EQ,11006,LIQUIDBEES
DCMNVL-EQ,11039,DCMNVL
SIRCA-EQ,11050,SIRCA
SUVEN-EQ,11233,SUVEN
BIOCON-EQ,11373,BIOCON
PVTBANIETF-EQ,11386,PVTBANIETF
ZOTA-EQ,11394,ZOTA
DATAMATICS-EQ,11423,DATAMATICS
SPANDANA-EQ,11435,SPANDANA
GLFL-EQ,1156,GLFL
HDFCMOMENT-EQ,11538,HDFCMOMENT
DCI-EQ,11566,DCI
HDFCSENSEX-EQ,11593,HDFCSENSEX
LINCOLN-EQ,11596,LINCOLN
WELENT-EQ,11626,WELENT
GMBREW-EQ,1168,GMBREW
SUKHJITS-EQ,11804,SUKHJITS
IIFL-EQ,11809,IIFL
PRIMESECU-EQ,11864,PRIMESECU
INOXGREEN-EQ,12188,INOXGREEN
PRECAM-EQ,12603,PRECAM
GUJALKALI-EQ,1267,GUJALKALI
EMAMIPAP-EQ,10074,EMAMIPAP
ORICONENT-EQ,10159,ORICONENT
DYCL-EQ,10417,DYCL
MARKSANS-EQ,10579,MARKSANS
HDFCNIF100-EQ,10633,HDFCNIF100
RADICO-EQ,10990,RADICO
AGRITECH-EQ,11072,AGRITECH
SHRENIK-EQ,11149,SHRENIK
AXISILVER-EQ,11193,AXISILVER
HDFCVALUE-EQ,11260,HDFCVALUE
IGL-EQ,11262,IGL
TVTODAY-EQ,11275,TVTODAY
SIL-EQ,11297,SIL
BANKBEES-EQ,11439,BANKBEES
LICNETFSEN-EQ,11441,LICNETFSEN
CENTEXT-EQ,11511,CENTEXT
GLAXO-EQ,1153,GLAXO
NARMADA-EQ,11627,NARMADA
HPIL-EQ,11796,HPIL
SURYALAXMI-EQ,11852,SURYALAXMI
GOLDIAM-EQ,11971,GOLDIAM
AURIONPRO-EQ,12022,AURIONPRO
ZIMLAB-EQ,12384,ZIMLAB
VINNY-EQ,12490,VINNY
MBAPL-EQ,12686,MBAPL
ARE&M-EQ,100,ARE&M
FACT-EQ,1008,FACT
SETFNIF50-EQ,10176,SETFNIF50
MANORAMA-EQ,10227,MANORAMA
CONFIPET-EQ,10238,CONFIPET
SHAREINDIA-EQ,104,SHAREINDIA
FINPIPE-EQ,1041,FINPIPE
MUTHOOTCAP-EQ,10415,MUTHOOTCAP
UNITDSPR-EQ,10447,UNITDSPR
RAMRAT-EQ,10485,RAMRAT
SHARDAMOTR-EQ,10530,SHARDAMOTR
SURANAT&P-EQ,10700,SURANAT&P
HDFCSILVER-EQ,10876,HDFCSILVER
SATIA-EQ,11045,SATIA
LIBAS-EQ,11082,LIBAS
GHCL-EQ,1127,GHCL
IDFCFIRSTB-EQ,11184,IDFCFIRSTB
GTECJAINX-EQ,1129,GTECJAINX
RKFORGE-EQ,11411,RKFORGE
NDTV-EQ,11427,NDTV
NV20-EQ,11457,NV20
NIITLTD-EQ,11522,NIITLTD
EMIL-EQ,11530,EMIL
ULTRACEMCO-EQ,11532,ULTRACEMCO
WESTLIFE-EQ,11580,WESTLIFE
GTL-EQ,1162,GTL
ASTRAMICRO-EQ,11618,ASTRAMICRO
JBMA-EQ,11655,JBMA
GNFC-EQ,1174,GNFC
JINDALPHOT-EQ,11743,JINDALPHOT
GODFRYPHLP-EQ,1181,GODFRYPHLP
EVEREADY-EQ,11782,EVEREADY
GLAND-EQ,1186,GLAND
SHAHALLOYS-EQ,11856,SHAHALLOYS
MANINDS-EQ,11884,MANINDS
DCXINDIA-EQ,11895,DCXINDIA
GENUSPOWER-EQ,11905,GENUSPOWER
YESBANK-EQ,11915,YESBANK
MSPL-EQ,11919,MSPL
KANSAINER-EQ,1196,KANSAINER
FUSION-EQ,11932,FUSION
BIKAJI-EQ,11966,BIKAJI
ESG-EQ,1200,ESG
SYNCOMF-EQ,11992,SYNCOMF
IMPAL-EQ,12009,IMPAL
AEROENTER-EQ,12015,AEROENTER
ACI-EQ,12024,ACI
RUSTOMJEE-EQ,12219,RUSTOMJEE
GREAVESCOT-EQ,1235,GREAVESCOT
ARVSMART-EQ,10457,ARVSMART
POWERMECH-EQ,10473,POWERMECH
NIFTYBEES-EQ,10576,NIFTYBEES
HDFCNEXT50-EQ,10619,HDFCNEXT50
ZENSARTECH-EQ,1076,ZENSARTECH
APTECHT-EQ,10755,APTECHT
INFOBEAN-EQ,11027,INFOBEAN
UCOBANK-EQ,11223,UCOBANK
JSL-EQ,11236,JSL
UNIENTER-EQ,11293,UNIENTER
LICNETFN50-EQ,11319,LICNETFN50
MUKANDLTD-EQ,11325,MUKANDLTD
TTKHLTCARE-EQ,11369,TTKHLTCARE
CCL-EQ,11452,CCL
COFORGE-EQ,11543,COFORGE
TRACXN-EQ,11582,TRACXN
FORCEMOT-EQ,11573,FORCEMOT
AYMSYNTEX-EQ,10285,AYMSYNTEX
NGLFINE-EQ,10277,NGLFINE
PPL-EQ,10297,PPL
STEELCITY-EQ,10406,STEELCITY
KSHITIJPOL-EQ,10407,KSHITIJPOL
LUPIN-EQ,10440,LUPIN
UTINIFTETF-EQ,10511,UTINIFTETF
GUJGASLTD-EQ,10599,GUJGASLTD
MNC-EQ,10676,MNC
INFRAIETF-EQ,10723,INFRAIETF
CANBK-EQ,10794,CANBK
GRMOVER-EQ,10871,GRMOVER
INDOCO-EQ,11677,INDOCO
SAKSOFT-EQ,11794,SAKSOFT
NH-EQ,11840,NH
63MOONS-EQ,11868,63MOONS
GRANULES-EQ,11872,GRANULES
RML-EQ,11975,RML
SASKEN-EQ,11983,SASKEN
ICIL-EQ,11987,ICIL
BBTCL-EQ,12153,BBTCL
GRASIM-EQ,1232,GRASIM
SWSOLAR-EQ,12489,SWSOLAR
CASTROLIND-EQ,1250,CASTROLIND
SECURKLOUD-EQ,11058,SECURKLOUD
GARFIBRES-EQ,1100,GARFIBRES
HARSHA-EQ,11162,HARSHA
NSIL-EQ,11239,NSIL
DREDGECORP-EQ,11271,DREDGECORP
VAIBHAVGBL-EQ,11364,VAIBHAVGBL
KRITINUT-EQ,11432,KRITINUT
AMBICAAGAR-EQ,11496,AMBICAAGAR
HDFCLOWVOL-EQ,11547,HDFCLOWVOL
LALPATHLAB-EQ,11654,LALPATHLAB
JSWSTEEL-EQ,11723,JSWSTEEL
GOKEX-EQ,11778,GOKEX
AMBER-EQ,1185,AMBER
SWELECTES-EQ,11909,SWELECTES
SPLIL-EQ,11935,SPLIL
RENUKA-EQ,12026,RENUKA
AMBUJACEM-EQ,1270,AMBUJACEM
N1NSETEST-EQ,12848,N1NSETEST
MARINE-EQ,1328,MARINE
BHAGERIA-EQ,13400,BHAGERIA
RATNAMANI-EQ,13451,RATNAMANI
GMRAIRPORT-EQ,13528,GMRAIRPORT
IRCTC-EQ,13611,IRCTC
BILVYAPAR-EQ,13625,BILVYAPAR
ALICON-EQ,13656,ALICON
HINDCOMPOS-EQ,1372,HINDCOMPOS
GESHIP-EQ,13776,GESHIP
TORNTPOWER-EQ,13786,TORNTPOWER
JINDRILL-EQ,13875,JINDRILL
LIQUID1-EQ,13950,LIQUID1
NINSYS-EQ,14194,NINSYS
HDFCSML250-EQ,14233,HDFCSML250
SMSPHARMA-EQ,14329,SMSPHARMA
JKTYRE-EQ,14435,JKTYRE
NAHARSPING-EQ,14440,NAHARSPING
EMBDL-EQ,14450,EMBDL
BANSWRAS-EQ,14511,BANSWRAS
ABSLLIQUID-EQ,14518,ABSLLIQUID
PSUBNKIETF-EQ,14584,PSUBNKIETF
INSECTICID-EQ,14657,INSECTICID
TIMETECHNO-EQ,14707,TIMETECHNO
011NSETEST-EQ,14747,011NSETEST
NELCAST-EQ,14761,NELCAST
061NSETEST-EQ,14762,061NSETEST
071NSETEST-EQ,14764,071NSETEST
091NSETEST-EQ,14769,091NSETEST
TARMAT-EQ,14771,TARMAT
ALPA-EQ,14848,ALPA
SAHYADRI-EQ,14900,SAHYADRI
GSEC10YEAR-EQ,14938,GSEC10YEAR
KSCL-EQ,14972,KSCL
MOGSEC-EQ,1507,MOGSEC
BAJAJELEC-EQ,15034,BAJAJELEC
AVALON-EQ,15058,AVALON
MADHAV-EQ,15151,MADHAV
ECLERX-EQ,15179,ECLERX
BRIGADE-EQ,15184,BRIGADE
INDIAGLYCO-EQ,1521,INDIAGLYCO
PATINTLOG-EQ,15219,PATINTLOG
JKIL-EQ,15266,JKIL
INDIANHUME-EQ,1530,INDIANHUME
SEPC-EQ,15308,SEPC
NMDC-EQ,15332,NMDC
GSS-EQ,15347,GSS
APCOTEXIND-EQ,154,APCOTEXIND
MANKIND-EQ,15380,MANKIND
NESCO-EQ,15409,NESCO
GILLETTE-EQ,1576,GILLETTE
LATTEYS-EQ,15840,LATTEYS
LINDEINDIA-EQ,1627,LINDEINDIA
BECTORFOOD-EQ,1628,BECTORFOOD
PANACHE-EQ,16292,PANACHE
BAJAJFINSV-EQ,16675,BAJAJFINSV
KOKUYOCMLN-EQ,16827,KOKUYOCMLN
PARAGMILK-EQ,17130,PARAGMILK
NEXT50-EQ,17181,NEXT50
ITETFADD-EQ,17207,ITETFADD
NAGAFERT-EQ,17295,NAGAFERT
LLOYDSME-EQ,17313,LLOYDSME
GKWLIMITED-EQ,17357,GKWLIMITED
SETF10GILT-EQ,17395,SETF10GILT
NETWEB-EQ,17433,NETWEB
CONTROLPR-EQ,17477,CONTROLPR
INCREDIBLE-EQ,17507,INCREDIBLE
DAMODARIND-EQ,17541,DAMODARIND
KANPRPLA-EQ,1782,KANPRPLA
LTGILTBEES-EQ,17700,LTGILTBEES
ASTEC-EQ,17728,ASTEC
REDTAPE-EQ,17859,REDTAPE
JSWENERGY-EQ,17869,JSWENERGY
COHANCE-EQ,17945,COHANCE
ADVENZYMES-EQ,18039,ADVENZYMES
JUBLFOOD-EQ,18096,JUBLFOOD
NIFTY1-EQ,18102,NIFTY1
VASCONEQ-EQ,18110,VASCONEQ
KARURVYSYA-EQ,1838,KARURVYSYA
DJML-EQ,12749,DJML
PERSISTENT-EQ,18365,PERSISTENT
HYBRIDFIN-EQ,12809,HYBRIDFIN
V1NSETEST-EQ,12863,V1NSETEST
ABB-EQ,13,ABB
EKC-EQ,13091,EKC
QUICKHEAL-EQ,13116,QUICKHEAL
EBBETF0433-EQ,13139,EBBETF0433
SAKUMA-EQ,13251,SAKUMA
HCL-INSYS-EQ,1327,HCL-INSYS
GPIL-EQ,13409,GPIL
JKLAKSHMI-EQ,13491,JKLAKSHMI
EMAMILTD-EQ,13517,EMAMILTD
JMFINANCIL-EQ,13637,JMFINANCIL
MADHUCON-EQ,13671,MADHUCON
SHYAMTEL-EQ,13740,SHYAMTEL
GTLINFRA-EQ,13745,GTLINFRA
MANOMAY-EQ,13753,MANOMAY
SHIVAMAUTO-EQ,13756,SHIVAMAUTO
BBL-EQ,13761,BBL
LTFOODS-EQ,13816,LTFOODS
NFL-EQ,13925,NFL
PARACABLES-EQ,13951,PARACABLES
SBGLP-EQ,14139,SBGLP
TIMKEN-EQ,14198,TIMKEN
FSL-EQ,14304,FSL
RAJTV-EQ,14403,RAJTV
NCLIND-EQ,14490,NCLIND
ADVANIHOTR-EQ,14745,ADVANIHOTR
121NSETEST-EQ,14777,121NSETEST
ADSL-EQ,14813,ADSL
WSI-EQ,14828,WSI
DECCANCE-EQ,14838,DECCANCE
LAL-EQ,14924,LAL
RBA-EQ,1494,RBA
NAGREEKCAP-EQ,14942,NAGREEKCAP
PSUBNKBEES-EQ,15032,PSUBNKBEES
PSUBANK-EQ,15061,PSUBANK
KOLTEPATIL-EQ,15124,KOLTEPATIL
RHL-EQ,15157,RHL
LICNFNHGP-EQ,15229,LICNFNHGP
BIRLAMONEY-EQ,15239,BIRLAMONEY
BHARATWIRE-EQ,16123,BHARATWIRE
INFIBEAM-EQ,16249,INFIBEAM
HGINFRA-EQ,1672,HGINFRA
ITI-EQ,1675,ITI
ARCHIDPLY-EQ,16795,ARCHIDPLY
ZFCVINDIA-EQ,16915,ZFCVINDIA
INDBANK-EQ,16933,INDBANK
ASHOKAMET-EQ,16943,ASHOKAMET
HMAAGRO-EQ,17053,HMAAGRO
CROMPTON-EQ,17094,CROMPTON
IDEAFORGE-EQ,17140,IDEAFORGE
NHPC-EQ,17400,NHPC
AMRUTANJAN-EQ,17547,AMRUTANJAN
MIDSELIETF-EQ,17702,MIDSELIETF
SARDAEN-EQ,17758,SARDAEN
QUAL30IETF-EQ,17808,QUAL30IETF
GILLANDERS-EQ,17839,GILLANDERS
DLINKINDIA-EQ,17851,DLINKINDIA
ABBOTINDIA-EQ,17903,ABBOTINDIA
BEARDSELL-EQ,17933,BEARDSELL
TRF-EQ,17987,TRF
DOLPHIN-EQ,18139,DOLPHIN
TVSSCS-EQ,18151,TVSSCS
TEXMOPIPES-EQ,18214,TEXMOPIPES
MANINFRA-EQ,18226,MANINFRA
IVZINGOLD-EQ,18292,IVZINGOLD
KAMATHOTEL-EQ,1826,KAMATHOTEL
PYRAMID-EQ,18250,PYRAMID
MITTAL-EQ,18562,MITTAL
GNA-EQ,18571,GNA
ZAGGLE-EQ,18608,ZAGGLE
KALAMANDIR-EQ,18755,KALAMANDIR
CARYSIL-EQ,1879,CARYSIL
IDFNIFTYET-EQ,18783,IDFNIFTYET
RAJRATAN-EQ,18962,RAJRATAN
UNIVASTU-EQ,18977,UNIVASTU
SILLYMONKS-EQ,19097,SILLYMONKS
KOTAKBANK-EQ,1922,KOTAKBANK
WEALTH-EQ,1923,WEALTH
VALIANTLAB-EQ,19218,VALIANTLAB
BLISSGVS-EQ,19265,BLISSGVS
EMAMIREAL-EQ,19277,EMAMIREAL
ARVIND-EQ,193,ARVIND
CAPTRUST-EQ,19447,CAPTRUST
IITL-EQ,19525,IITL
BHANDARI-EQ,19556,BHANDARI
MAXESTATES-EQ,19646,MAXESTATES
GOLDIETF-EQ,19679,GOLDIETF
MASFIN-EQ,199,MASFIN
ORISSAMINE-EQ,19931,ORISSAMINE
AHLADA-EQ,2004,AHLADA
CPCAP-EQ,20086,CPCAP
ASHOKA-EQ,20182,ASHOKA
OBEROIRLTY-EQ,20242,OBEROIRLTY
TATATECH-EQ,20293,TATATECH
FLAIR-EQ,20372,FLAIR
VTL-EQ,2073,VTL
RBZJEWEL-EQ,20874,RBZJEWEL
INNOVACAP-EQ,21062,INNOVACAP
SHEKHAWATI-EQ,21095,SHEKHAWATI
SUMMITSEC-EQ,21275,SUMMITSEC
MAGADSUGAR-EQ,21392,MAGADSUGAR
BRNL-EQ,21683,BRNL
TEXRAIL-EQ,21828,TEXRAIL
HFCL-EQ,21951,HFCL
MOTOGENFIN-EQ,2268,MOTOGENFIN
RPTECH-EQ,22670,RPTECH
JUNIPER-EQ,22824,JUNIPER
SMALLCAP-EQ,22832,SMALLCAP
PVSL-EQ,23142,PVSL
MOREALTY-EQ,23184,MOREALTY
CPSEETF-EQ,2328,CPSEETF
JAYNECOIND-EQ,2331,JAYNECOIND
SRM-EQ,23402,SRM
LIQUIDADD-EQ,23407,LIQUIDADD
ASIANPAINT-EQ,236,ASIANPAINT
BALUFORGE-EQ,23607,BALUFORGE
BSLGOLDETF-EQ,23804,BSLGOLDETF
SYMPHONY-EQ,24190,SYMPHONY
OMINFRAL-EQ,24231,OMINFRAL
ROUTE-EQ,128,ROUTE
11NSETEST-EQ,12841,11NSETEST
SARVESHWAR-EQ,12913,SARVESHWAR
TRIVENI-EQ,13081,TRIVENI
GALAXYSURF-EQ,1315,GALAXYSURF
NITINSPIN-EQ,13175,NITINSPIN
HDFCBANK-EQ,1333,HDFCBANK
AFSL-EQ,13288,AFSL
SDBL-EQ,1338,SDBL
GALLANTT-EQ,13337,GALLANTT
RSYSTEMS-EQ,13414,RSYSTEMS
ELIN-EQ,13423,ELIN
LOKESHMACH-EQ,13436,LOKESHMACH
ANDHRSUGAR-EQ,136,ANDHRSUGAR
ATLANTAA-EQ,13585,ATLANTAA
VISHWARAJ-EQ,13702,VISHWARAJ
NAUKRI-EQ,13751,NAUKRI
HINDOILEXP-EQ,1403,HINDOILEXP
HINDPETRO-EQ,1406,HINDPETRO
AUTOIND-EQ,14106,AUTOIND
TVSSRICHAK-EQ,14245,TVSSRICHAK
PFC-EQ,14299,PFC
IDEA-EQ,14366,IDEA
LAOPALA-EQ,14423,LAOPALA
BALAMINES-EQ,14501,BALAMINES
BIRLANU-EQ,1455,BIRLANU
DISHTV-EQ,14537,DISHTV
PHOENIXLTD-EQ,14552,PHOENIXLTD
BFUTILITIE-EQ,14567,BFUTILITIE
GSLSU-EQ,14599,GSLSU
TGBHOTELS-EQ,14607,TGBHOTELS
HGS-EQ,14712,HGS
V2RETAIL-EQ,14766,V2RETAIL
111NSETEST-EQ,14774,111NSETEST
REPL-EQ,1480,REPL
VIPCLOTHNG-EQ,14843,VIPCLOTHNG
USK-EQ,14871,USK
KDDL-EQ,14908,KDDL
CENTUM-EQ,14982,CENTUM
DELTACORP-EQ,15044,DELTACORP
SILVERETF-EQ,15085,SILVERETF
INDIACEM-EQ,1515,INDIACEM
CEATLTD-EQ,15254,CEATLTD
BANG-EQ,15303,BANG
APOLLOHOSP-EQ,157,APOLLOHOSP
EBBETF0430-EQ,16253,EBBETF0430
SUNDROP-EQ,1663,SUNDROP
IKIO-EQ,16822,IKIO
THYROCARE-EQ,17032,THYROCARE
JBCHEPHARM-EQ,1726,JBCHEPHARM
SETFGOLD-EQ,17272,SETFGOLD
SETCO-EQ,17514,SETCO
JINDALPOLY-EQ,1756,JINDALPOLY
SUNTECK-EQ,17641,SUNTECK
POKARNA-EQ,17651,POKARNA
NIITMTS-EQ,17747,NIITMTS
GATECH-EQ,17888,GATECH
SBICARD-EQ,17971,SBICARD
KABRAEXTRU-EQ,1805,KABRAEXTRU
UNITEDTEA-EQ,17999,UNITEDTEA
CONCORDBIO-EQ,18060,CONCORDBIO
KAJARIACER-EQ,1808,KAJARIACER
DBL-EQ,18086,DBL
DBREALTY-EQ,18124,DBREALTY
LGBBROSLTD-EQ,18321,LGBBROSLTD
NDGL-EQ,18371,NDGL
ASIANHOTNR-EQ,18422,ASIANHOTNR
BIGBLOC-EQ,18431,BIGBLOC
LTTS-EQ,18564,LTTS
NUVAMA-EQ,18721,NUVAMA
AARVI-EQ,19073,AARVI
ITBEES-EQ,19084,ITBEES
UGARSUGAR-EQ,19578,UGARSUGAR
BLUEJET-EQ,19686,BLUEJET
SASTASUNDR-EQ,20063,SASTASUNDR
ARIHANTSUP-EQ,20159,ARIHANTSUP
WABAG-EQ,20188,WABAG
URJA-EQ,20203,URJA
GANDHAR-EQ,20303,GANDHAR
SHANKARA-EQ,20321,SHANKARA
COALINDIA-EQ,20374,COALINDIA
CHENNPETRO-EQ,2049,CHENNPETRO
WIPL-EQ,20481,WIPL
ASHIMASYN-EQ,206,ASHIMASYN
AXISGOLD-EQ,20532,AXISGOLD
MOTISONS-EQ,20788,MOTISONS
HUDCO-EQ,20825,HUDCO
KIRLOSENG-EQ,20936,KIRLOSENG
PSB-EQ,21001,PSB
FMNL-EQ,21017,FMNL
STOVEKRAFT-EQ,2107,STOVEKRAFT
TEJASNET-EQ,21131,TEJASNET
ERIS-EQ,21154,ERIS
JYOTICNC-EQ,21334,JYOTICNC
TATAGOLD-EQ,21401,TATAGOLD
LASA-EQ,21713,LASA
CAPACITE-EQ,21749,CAPACITE
GENCON-EQ,2188,GENCON
INDTERRAIN-EQ,21957,INDTERRAIN
MODTHREAD-EQ,2241,MODTHREAD
MAXHEALTH-EQ,22377,MAXHEALTH
HDFCNIFBAN-EQ,22433,HDFCNIFBAN
PENINLAND-EQ,2256,PENINLAND
CAPITALSFB-EQ,22675,CAPITALSFB
MRPL-EQ,2283,MRPL
MTNL-EQ,2294,MTNL
GOLDCASE-EQ,22901,GOLDCASE
SINCLAIR-EQ,23480,SINCLAIR
NAVNETEDUL-EQ,2385,NAVNETEDUL
MIDSMALL-EQ,23855,MIDSMALL
SANDHAR-EQ,2397,SANDHAR
BBNPNBETF-EQ,24117,BBNPNBETF
RAILTEL-EQ,2431,RAILTEL
VSTTILLERS-EQ,24292,VSTTILLERS
G1NSETEST-EQ,12842,G1NSETEST
NPBET-EQ,12978,NPBET
SAFARI-EQ,13035,SAFARI
UNIPARTS-EQ,13057,UNIPARTS
VIMTALABS-EQ,13101,VIMTALABS
PVRINOX-EQ,13147,PVRINOX
JAGRAN-EQ,13211,JAGRAN
KFINTECH-EQ,13359,KFINTECH
BALPHARMA-EQ,13441,BALPHARMA
PIONEEREMB-EQ,13463,PIONEEREMB
NECCLTD-EQ,13522,NECCLTD
VIDHIING-EQ,13536,VIDHIING
TECHM-EQ,13538,TECHM
BANKETFADD-EQ,13644,BANKETFADD
AERONEU-EQ,13689,AERONEU
BAIDFIN-EQ,13794,BAIDFIN
SOBHA-EQ,13826,SOBHA
HIRECT-EQ,13890,HIRECT
ZEEMEDIA-EQ,14003,ZEEMEDIA
SANGHVIMOV-EQ,14058,SANGHVIMOV
AGI-EQ,1412,AGI
GOLDETF-EQ,14286,GOLDETF
ORIENTALTL-EQ,14346,ORIENTALTL
NAHARPOLY-EQ,14445,NAHARPOLY
THEMISMED-EQ,14485,THEMISMED
WEBELSOLAR-EQ,14602,WEBELSOLAR
051NSETEST-EQ,14758,051NSETEST
161NSETEST-EQ,14784,161NSETEST
PURVA-EQ,14922,PURVA
SHIVAMILLS-EQ,1497,SHIVAMILLS
CSBBANK-EQ,14966,CSBBANK
POWERGRID-EQ,14977,POWERGRID
MANGCHEFER-EQ,15007,MANGCHEFER
ASTERDM-EQ,1508,ASTERDM
BLAL-EQ,15067,BLAL
RGL-EQ,15129,RGL
HITECHCORP-EQ,15161,HITECHCORP
TARIL-EQ,15174,TARIL
RPOWER-EQ,15259,RPOWER
IRB-EQ,15313,IRB
RAIN-EQ,15337,RAIN
TITAGARH-EQ,15414,TITAGARH
GMMPFAUDLR-EQ,1570,GMMPFAUDLR
AVG-EQ,15589,AVG
HINDWAREAP-EQ,15883,HINDWAREAP
BAJAJ-AUTO-EQ,16669,BAJAJ-AUTO
RPGLIFE-EQ,16725,RPGLIFE
GVT&D-EQ,16783,GVT&D
VINYLINDIA-EQ,16821,VINYLINDIA
ALKALI-EQ,16959,ALKALI
COUNCODOS-EQ,16986,COUNCODOS
AARTECH-EQ,17145,AARTECH
CYIENTDLM-EQ,17187,CYIENTDLM
PAKKA-EQ,17197,PAKKA
ALBERTDAVD-EQ,17256,ALBERTDAVD
BLS-EQ,17279,BLS
MHRIL-EQ,17333,MHRIL
UTKARSHBNK-EQ,17358,UTKARSHBNK
VINATIORGA-EQ,17364,VINATIORGA
MGL-EQ,17534,MGL
ALOKINDS-EQ,17675,ALOKINDS
REFEX-EQ,17764,REFEX
ATL-EQ,17778,ATL
LTIM-EQ,17818,LTIM
KPIL-EQ,1814,KPIL
JIOFIN-EQ,18143,JIOFIN
AEROFLEX-EQ,18268,AEROFLEX
HDFCLIQUID-EQ,18279,HDFCLIQUID
VPRPL-EQ,18341,VPRPL
CUPID-EQ,18520,CUPID
DIAMINESQ-EQ,18644,DIAMINESQ
YATRA-EQ,18760,YATRA
MAZDA-EQ,18866,MAZDA
VBL-EQ,18921,VBL
KIRLOSIND-EQ,19025,KIRLOSIND
UDS-EQ,19113,UDS
UMESLTD-EQ,19142,UMESLTD
HMVL-EQ,19211,HMVL
TCIEXP-EQ,19223,TCIEXP
ITDC-EQ,19299,ITDC
TICL-EQ,19501,TICL
ALPHAETF-EQ,19640,ALPHAETF
JITFINFRA-EQ,19691,JITFINFRA
CELLO-EQ,19795,CELLO
ESAFSFB-EQ,19878,ESAFSFB
INDIGOPNTS-EQ,2048,INDIGOPNTS
DOMS-EQ,20551,DOMS
INDIASHLTR-EQ,20556,INDIASHLTR
INOXINDIA-EQ,20607,INOXINDIA
MUTHOOTMF-EQ,20831,MUTHOOTMF
PSPPROJECT-EQ,20877,PSPPROJECT
MUFTI-EQ,20878,MUFTI
KICL-EQ,21119,KICL
DIGIDRIVE-EQ,21247,DIGIDRIVE
DAVANGERE-EQ,21794,DAVANGERE
ACC-EQ,22,ACC
MAXIND-EQ,22428,MAXIND
NOVAAGRI-EQ,22477,NOVAAGRI
ENTERO-EQ,22717,ENTERO
MUKKA-EQ,22980,MUKKA
BESTAGRO-EQ,2306,BESTAGRO
MUNJALSHOW-EQ,2307,MUNJALSHOW
SAMHI-EQ,18614,SAMHI
HPL-EQ,18679,HPL
SIGNATURE-EQ,18743,SIGNATURE
SUNDARAM-EQ,18931,SUNDARAM
JSWINFRA-EQ,19020,JSWINFRA
TI-EQ,19196,TI
SENSEXETF-EQ,19224,SENSEXETF
AMNPLST-EQ,19867,AMNPLST
UNIDT-EQ,201,UNIDT
ASKAUTOLTD-EQ,20152,ASKAUTOLTD
CANTABIL-EQ,20160,CANTABIL
ASHAPURMIN-EQ,203,ASHAPURMIN
LYKALABS-EQ,2028,LYKALABS
HOMEFIRST-EQ,2056,HOMEFIRST
JINDWORLD-EQ,20642,JINDWORLD
AZAD-EQ,20905,AZAD
MANGLMCEM-EQ,2106,MANGLMCEM
SURANASOL-EQ,21077,SURANASOL
AXISNIFTY-EQ,21252,AXISNIFTY
GANGESSECU-EQ,21399,GANGESSECU
MEDIASSIST-EQ,21705,MEDIASSIST
DCAL-EQ,21704,DCAL
ICICIGI-EQ,21770,ICICIGI
NIFTYBETF-EQ,21959,NIFTYBETF
UTIBANKETF-EQ,22440,UTIBANKETF
MOREPENLAB-EQ,2259,MOREPENLAB
PFS-EQ,22602,PFS
BANDHANBNK-EQ,2263,BANDHANBNK
HAL-EQ,2303,HAL
MURUDCERA-EQ,2313,MURUDCERA
FILATFASH-EQ,23647,FILATFASH
AADHARHFC-EQ,23729,AADHARHFC
NEULANDLAB-EQ,2406,NEULANDLAB
AFIL-EQ,24159,AFIL
CONSUMBEES-EQ,2435,CONSUMBEES
181NSETEST-EQ,23447,181NSETEST
LIQUIDBETF-EQ,23915,LIQUIDBETF
RETAIL-EQ,24145,RETAIL
NILKAMAL-EQ,2421,NILKAMAL
NKIND-EQ,2439,NKIND
SILVER1-EQ,13082,SILVER1
AIAENG-EQ,13086,AIAENG
KERNEX-EQ,13121,KERNEX
LANDMARK-EQ,13276,LANDMARK
KAMDHENU-EQ,13457,KAMDHENU
HEROMOTOCO-EQ,1348,HEROMOTOCO
VOLTAMP-EQ,13577,VOLTAMP
ACE-EQ,13587,ACE
SELAN-EQ,13598,SELAN
HIMATSEIDE-EQ,1360,HIMATSEIDE
SKYGOLD-EQ,13631,SKYGOLD
SUTLEJTEX-EQ,13801,SUTLEJTEX
MMFL-EQ,13844,MMFL
BANCOINDIA-EQ,13880,BANCOINDIA
CREST-EQ,13900,CREST
SARLAPOLY-EQ,14043,SARLAPOLY
SAGCEM-EQ,14068,SAGCEM
IGPL-EQ,14086,IGPL
PITTIENG-EQ,14134,PITTIENG
BTML-EQ,14150,BTML
NSLNISP-EQ,14180,NSLNISP
HUBTOWN-EQ,14203,HUBTOWN
GODREJAGRO-EQ,144,GODREJAGRO
AMDIND-EQ,14398,AMDIND
ASTRAL-EQ,14418,ASTRAL
SANOFI-EQ,1442,SANOFI
HLVLTD-EQ,1448,HLVLTD
DIVGIITTS-EQ,14479,DIVGIITTS
GOKULAGRO-EQ,14480,GOKULAGRO
SRHHYPOLTD-EQ,14582,SRHHYPOLTD
FORTIS-EQ,14592,FORTIS
CHEMBOND-EQ,14618,CHEMBOND
NAGREEKEXP-EQ,14702,NAGREEKEXP
IDBI-EQ,1476,IDBI
IFBAGRO-EQ,1482,IFBAGRO
MOTILALOFS-EQ,14947,MOTILALOFS
CERA-EQ,15039,CERA
MANAKSIA-EQ,15199,MANAKSIA
ARIES-EQ,15204,ARIES
QGOLDHALF-EQ,15330,QGOLDHALF
SHALPAINTS-EQ,15342,SHALPAINTS
INGERRAND-EQ,1597,INGERRAND
FAIRCHEMOR-EQ,1614,FAIRCHEMOR
PAVNAIND-EQ,16192,PAVNAIND
IPCALAB-EQ,1633,IPCALAB
MMP-EQ,16395,MMP
ITC-EQ,1660,ITC
ALMONDZ-EQ,16719,ALMONDZ
QNIFTY-EQ,16819,QNIFTY
SINDHUTRAD-EQ,16859,SINDHUTRAD
TOUCHWOOD-EQ,16908,TOUCHWOOD
TPHQ-EQ,16996,TPHQ
SHRIPISTON-EQ,17186,SHRIPISTON
JAYSREETEA-EQ,1720,JAYSREETEA
MOLDTECH-EQ,17625,MOLDTECH
GPTINFRA-EQ,17685,GPTINFRA
QUESS-EQ,17704,QUESS
LLOYDSENGG-EQ,17801,LLOYDSENGG
DBCORP-EQ,17881,DBCORP
AWHCL-EQ,1797,AWHCL
KAKATCEM-EQ,1811,KAKATCEM
HATHWAY-EQ,18154,HATHWAY
HNGSNGBEES-EQ,18284,HNGSNGBEES
KANORICHEM-EQ,1835,KANORICHEM
RRKABEL-EQ,18566,RRKABEL
EMSLIMITED-EQ,18593,EMSLIMITED
MASKINVEST-EQ,18727,MASKINVEST
ENDURANCE-EQ,18822,ENDURANCE
KAPSTON-EQ,18967,KAPSTON
PODDARMENT-EQ,19036,PODDARMENT
MANAPPURAM-EQ,19061,MANAPPURAM
NBIFIN-EQ,19111,NBIFIN
HEADSUP-EQ,19205,HEADSUP
LAURUSLABS-EQ,19234,LAURUSLABS
MONIFTY500-EQ,19237,MONIFTY500
THEJO-EQ,19279,THEJO
ROSSARI-EQ,19410,ROSSARI
IRMENERGY-EQ,19597,IRMENERGY
LIQUIDSBI-EQ,19705,LIQUIDSBI
TASTYBITE-EQ,20092,TASTYBITE
JWL-EQ,20224,JWL
IRFC-EQ,2029,IRFC
RESPONIND-EQ,20323,RESPONIND
CGCL-EQ,20329,CGCL
PRUDMOULI-EQ,20527,PRUDMOULI
RPPINFRA-EQ,20760,RPPINFRA
JAMNAAUTO-EQ,20778,JAMNAAUTO
MAHSEAMLES-EQ,2088,MAHSEAMLES
BFINVEST-EQ,21113,BFINVEST
PALASHSECU-EQ,21383,PALASHSECU
OPTIEMUS-EQ,21469,OPTIEMUS
COMSYN-EQ,21578,COMSYN
RHFL-EQ,21733,RHFL
DHUNINV-EQ,22233,DHUNINV
ALPL30IETF-EQ,22344,ALPL30IETF
NIFITETF-EQ,22488,NIFITETF
NIF10GETF-EQ,22524,NIF10GETF
BLSE-EQ,22566,BLSE
PARKHOTELS-EQ,22649,PARKHOTELS
LICNMID100-EQ,22722,LICNMID100
GPTHEALTH-EQ,22846,GPTHEALTH
PLATIND-EQ,22930,PLATIND
SCILAL-EQ,23127,SCILAL
MOSMALL250-EQ,23181,MOSMALL250
SMCGLOBAL-EQ,2320,SMCGLOBAL
AIIL-EQ,23553,AIIL
JNKINDIA-EQ,23621,JNKINDIA
INDGN-EQ,23693,INDGN
BOROSCI-EQ,24014,BOROSCI
KRONOX-EQ,24025,KRONOX
ABDL-EQ,24308,ABDL
SBISILVER-EQ,24366,SBISILVER
LIQUIDSHRI-EQ,24374,LIQUIDSHRI
BANSALWIRE-EQ,24386,BANSALWIRE
EMCURE-EQ,24398,EMCURE
SANSTAR-EQ,24582,SANSTAR
RUSHIL-EQ,24595,RUSHIL
UNIECOM-EQ,24809,UNIECOM
GLOBALE-EQ,24932,GLOBALE
MODEFENCE-EQ,24944,MODEFENCE
OSWALAGRO-EQ,2514,OSWALAGRO
XTGLOBAL-EQ,25235,XTGLOBAL
EBANKNIFTY-EQ,25258,EBANKNIFTY
PAISALO-EQ,25468,PAISALO
ONELIFECAP-EQ,25492,ONELIFECAP
MANBA-EQ,25597,MANBA
MASTERTR-EQ,27047,MASTERTR
ACMESOLAR-EQ,27061,ACMESOLAR
PRAKASH-EQ,2708,PRAKASH
BUTTERFLY-EQ,2716,BUTTERFLY
PRECWIRE-EQ,2717,PRECWIRE
RSWM-EQ,2794,RSWM
LXCHEM-EQ,2841,LXCHEM
VMM-EQ,27969,VMM
RANEHOLDIN-EQ,2844,RANEHOLDIN
RAYMOND-EQ,2859,RAYMOND
MAMATA-EQ,28687,MAMATA
SANATHAN-EQ,28805,SANATHAN
RELIANCE-EQ,2885,RELIANCE
VENTIVE-EQ,28847,VENTIVE
DDEVPLSTIK-EQ,29098,DDEVPLSTIK
ITCHOTELS-EQ,29251,ITCHOTELS
BAJAJINDEF-EQ,29678,BAJAJINDEF
ATULAUTO-EQ,30023,ATULAUTO
AXISTECETF-EQ,3010,AXISTECETF
SILVERCASE-EQ,30274,SILVERCASE
SHANTIGEAR-EQ,3078,SHANTIGEAR
SHREDIGCEM-EQ,3099,SHREDIGCEM
THOMASCOTT-EQ,31017,THOMASCOTT
SIMPLEXINF-EQ,3162,SIMPLEXINF
SUNDARMFIN-EQ,3339,SUNDARMFIN
TATACHEM-EQ,3405,TATACHEM
AXISHCETF-EQ,3608,AXISHCETF
PREMIERPOL-EQ,3908,PREMIERPOL
SHRIRAMFIN-EQ,4306,SHRIRAMFIN
AARTIDRUGS-EQ,4481,AARTIDRUGS
NEXT50IETF-EQ,4529,NEXT50IETF
HERITGFOOD-EQ,4598,HERITGFOOD
KCPSUGIND-EQ,4809,KCPSUGIND
LIQUIDIETF-EQ,4838,LIQUIDIETF
GANGAFORGE-EQ,4957,GANGAFORGE
ABGSEC-EQ,24404,ABGSEC
ADL-EQ,245,ADL
OILIETF-EQ,24533,OILIETF
RAYMONDLSL-EQ,25073,RAYMONDLSL
GALAPREC-EQ,25134,GALAPREC
BALAJEE-EQ,25203,BALAJEE
LICMFGOLD-EQ,25640,LICMFGOLD
POLYMED-EQ,25718,POLYMED
VIKASECO-EQ,25756,VIKASECO
APLAPOLLO-EQ,25780,APLAPOLLO
GROWWGOLD-EQ,25872,GROWWGOLD
AMJLAND-EQ,2598,AMJLAND
EMULTIMQ-EQ,25996,EMULTIMQ
RACLGEAR-EQ,27171,RACLGEAR
QUADFUTURE-EQ,29087,QUADFUTURE
ONESOURCE-EQ,29224,ONESOURCE
NIBE-EQ,29487,NIBE
MOHITIND-EQ,29423,MOHITIND
NIFTYIETF-EQ,29553,NIFTYIETF
NIF100BEES-EQ,29577,NIF100BEES
NIBL-EQ,29733,NIBL
NIFTY100EW-EQ,29944,NIFTY100EW
WONDERLA-EQ,3002,WONDERLA
GOLD360-EQ,30105,GOLD360
SAMMAANCAP-EQ,30125,SAMMAANCAP
SOTL-EQ,3021,SOTL
JINDALSAW-EQ,3024,JINDALSAW
SBIBPB-EQ,30290,SBIBPB
SCI-EQ,3048,SCI
MID150-EQ,30469,MID150
SESHAPAPER-EQ,3066,SESHAPAPER
GILT5YBEES-EQ,3172,GILT5YBEES
ANGELONE-EQ,324,ANGELONE
NITIRAJ-EQ,3247,NITIRAJ
SPIC-EQ,3252,SPIC
SRF-EQ,3273,SRF
SPMLINFRA-EQ,3321,SPMLINFRA
SUBROS-EQ,3324,SUBROS
SUDARSCHEM-EQ,3327,SUDARSCHEM
ADOR-EQ,34,ADOR
BALMLAWRIE-EQ,338,BALMLAWRIE
BALRAMCHIN-EQ,341,BALRAMCHIN
AJOONI-EQ,3403,AJOONI
TATACONSUM-EQ,3432,TATACONSUM
BANARISUG-EQ,350,BANARISUG
THERMAX-EQ,3475,THERMAX
AXISBPSETF-EQ,3530,AXISBPSETF
TTKPRESTIG-EQ,3546,TTKPRESTIG
ADANIGREEN-EQ,3563,ADANIGREEN
UNICHEMLAB-EQ,3579,UNICHEMLAB
VARDMNPOLY-EQ,3646,VARDMNPOLY
SOLARA-EQ,3672,SOLARA
RITES-EQ,3761,RITES
WILLAMAGOR-EQ,3772,WILLAMAGOR
WSTCSTPAPR-EQ,3799,WSTCSTPAPR
MAITHANALL-EQ,24538,MAITHANALL
FIRSTCRY-EQ,24814,FIRSTCRY
MANCREDIT-EQ,24823,MANCREDIT
ADANIENT-EQ,25,ADANIENT
PREMIERENE-EQ,25049,PREMIERENE
STYLEBAAZA-EQ,25114,STYLEBAAZA
EUREKAFORB-EQ,25162,EUREKAFORB
SANOFICONR-EQ,25222,SANOFICONR
KROSS-EQ,25252,KROSS
TOLINS-EQ,25262,TOLINS
ARKADE-EQ,25398,ARKADE
NIRAJ-EQ,255,NIRAJ
SHAKTIPUMP-EQ,25574,SHAKTIPUMP
INDOTHAI-EQ,25608,INDOTHAI
JISLDVREQS-EQ,25684,JISLDVREQS
GARUDA-EQ,25800,GARUDA
MINDACORP-EQ,25897,MINDACORP
PFIZER-EQ,2643,PFIZER
AVL-EQ,25984,AVL
SWANCORP-EQ,27095,SWANCORP
GICRE-EQ,277,GICRE
SAILIFE-EQ,27839,SAILIFE
ANURAS-EQ,2829,ANURAS
CRAFTSMAN-EQ,2854,CRAFTSMAN
KITEX-EQ,28899,KITEX
CEWATER-EQ,28764,CEWATER
TVSHLTD-EQ,29008,TVSHLTD
INDOFARM-EQ,29025,INDOFARM
PCJEWELLER-EQ,29124,PCJEWELLER
VMART-EQ,29284,VMART
MOSCHIP-EQ,29459,MOSCHIP
ORCHASP-EQ,29492,ORCHASP
GUJTHEM-EQ,29731,GUJTHEM
AONELIQUID-EQ,30472,AONELIQUID
DBSTOCKBRO-EQ,31107,DBSTOCKBRO
JPOLYINVST-EQ,31507,JPOLYINVST
DEEPINDS-EQ,3292,DEEPINDS
BALKRISIND-EQ,335,BALKRISIND
SUNDRMFAST-EQ,3345,SUNDRMFAST
SUNPHARMA-EQ,3351,SUNPHARMA
CLSEL-EQ,3482,CLSEL
TIRUMALCHM-EQ,3496,TIRUMALCHM
NAM-INDIA-EQ,357,NAM-INDIA
MOKSH-EQ,3586,MOKSH
VLSFINANCE-EQ,3715,VLSFINANCE
ZENITHEXPO-EQ,4176,ZENITHEXPO
WENDT-EQ,4235,WENDT
GLOBE-EQ,393,GLOBE
MOTHERSON-EQ,4204,MOTHERSON
BHARATGEAR-EQ,426,BHARATGEAR
MPHASIS-EQ,4503,MPHASIS
HDFCLIFE-EQ,467,HDFCLIFE
BANKBARODA-EQ,4668,BANKBARODA
SHYAMMETL-EQ,4693,SHYAMMETL
ICICIB22-EQ,522,ICICIB22
ETERNAL-EQ,5097,ETERNAL
INDUSINDBK-EQ,5258,INDUSINDBK
PDSL-EQ,5264,PDSL
KPIGREEN-EQ,5108,KPIGREEN
ROLEXRINGS-EQ,5279,ROLEXRINGS
UGROCAP-EQ,5313,UGROCAP
KRSNAA-EQ,5359,KRSNAA
MOL-EQ,5394,MOL
CUB-EQ,5701,CUB
SANSERA-EQ,5751,SANSERA
COASTCORP-EQ,6006,COASTCORP
ABSLAMC-EQ,6018,ABSLAMC
PASUPTAC-EQ,6045,PASUPTAC
LICNETFGSC-EQ,6062,LICNETFGSC
CCHHL-EQ,6385,CCHHL
PAYTM-EQ,6705,PAYTM
SBC-EQ,6792,SBC
LATENTVIEW-EQ,6818,LATENTVIEW
TARSONS-EQ,6943,TARSONS
BSOFT-EQ,6994,BSOFT
TEGA-EQ,7105,TEGA
HEUBACHIND-EQ,715,HEUBACHIND
RATEGAIN-EQ,7177,RATEGAIN
BBETF0432-EQ,7196,BBETF0432
SBIETFQLTY-EQ,7218,SBIETFQLTY
MAPMYINDIA-EQ,7227,MAPMYINDIA
MEDPLUS-EQ,7254,MEDPLUS
ALPHA-EQ,7412,ALPHA
MANAKALUCO-EQ,7420,MANAKALUCO
MIDQ50ADD-EQ,7456,MIDQ50ADD
ENRIN-EQ,756871,ENRIN
CRISIL-EQ,757,CRISIL
TRAVELFOOD-EQ,757545,TRAVELFOOD
ZODIACLOTH-EQ,3821,ZODIACLOTH
PARASPETRO-EQ,3972,PARASPETRO
EIMCOELECO-EQ,4040,EIMCOELECO
JAYAGROGN-EQ,4041,JAYAGROGN
BIOFILCHEM-EQ,4136,BIOFILCHEM
IFGLEXPOR-EQ,436,IFGLEXPOR
INDIANCARD-EQ,4422,INDIANCARD
ELECTHERM-EQ,4469,ELECTHERM
RUCHINFRA-EQ,4566,RUCHINFRA
OSWALGREEN-EQ,471,OSWALGREEN
INDRAMEDCO-EQ,4751,INDRAMEDCO
BIRLACORPN-EQ,480,BIRLACORPN
MADRASFERT-EQ,4911,MADRASFERT
SVPGLOB-EQ,5020,SVPGLOB
CIGNITITEC-EQ,5142,CIGNITITEC
BPL-EQ,530,BPL
ASAHIINDIA-EQ,5378,ASAHIINDIA
AAVAS-EQ,5385,AAVAS
MASPTOP50-EQ,5782,MASPTOP50
BSL-EQ,559,BSL
PARAS-EQ,5911,PARAS
BSLSENETFG-EQ,5957,BSLSENETFG
MANORG-EQ,6422,MANORG
CONSUMIETF-EQ,6446,CONSUMIETF
TECH-EQ,6462,TECH
NYKAA-EQ,6545,NYKAA
SONATSOFTW-EQ,6596,SONATSOFTW
EQUAL50ADD-EQ,6606,EQUAL50ADD
POLICYBZR-EQ,6656,POLICYBZR
SAPPHIRE-EQ,6718,SAPPHIRE
GANECOS-EQ,6944,GANECOS
AARTIIND-EQ,7,AARTIIND
DICIND-EQ,703,DICIND
SHRADHA-EQ,708,SHRADHA
MAHKTECH-EQ,7074,MAHKTECH
MICEL-EQ,7169,MICEL
HCLTECH-EQ,7229,HCLTECH
JTLIND-EQ,7287,JTLIND
STAR-EQ,7374,STAR
SBIETFIT-EQ,740,SBIETFIT
HPAL-EQ,7376,HPAL
SUPRIYA-EQ,7390,SUPRIYA
GLENMARK-EQ,7406,GLENMARK
NILASPACES-EQ,7411,NILASPACES
ABLBL-EQ,756843,ABLBL
BELRISE-EQ,757102,BELRISE
SCODATUBES-EQ,757478,SCODATUBES
GROWWNET-EQ,757814,GROWWNET
INDIQUBE-EQ,757845,INDIQUBE
SSDL-EQ,24856,SSDL
ORIENTTECH-EQ,24961,ORIENTTECH
SURAJLTD-EQ,24966,SURAJLTD
TDPOWERSYS-EQ,25178,TDPOWERSYS
INDOUS-EQ,25503,INDOUS
TRITURBINE-EQ,25584,TRITURBINE
MOMENTUM50-EQ,25606,MOMENTUM50
KRN-EQ,25643,KRN
DIFFNKG-EQ,25672,DIFFNKG
DSSL-EQ,25690,DSSL
BANKPSU-EQ,25725,BANKPSU
VAL30IETF-EQ,25851,VAL30IETF
LEMONTREE-EQ,2606,LEMONTREE
PEARLPOLY-EQ,2610,PEARLPOLY
DRCSYSTEMS-EQ,2645,DRCSYSTEMS
ATUL-EQ,263,ATUL
HEXATRADEX-EQ,27008,HEXATRADEX
PRAJIND-EQ,2705,PRAJIND
KPEL-EQ,27079,KPEL
NIVABUPA-EQ,27097,NIVABUPA
MOBIKWIK-EQ,28046,MOBIKWIK
IKS-EQ,28125,IKS
RANASUG-EQ,2837,RANASUG
DAMCAPITAL-EQ,28662,DAMCAPITAL
TRANSRAILL-EQ,28714,TRANSRAILL
SENORES-EQ,28888,SENORES
RUBYMILLS-EQ,2939,RUBYMILLS
AGARWALEYE-EQ,29452,AGARWALEYE
MCLOUD-EQ,29482,MCLOUD
KALYANKJIL-EQ,2955,KALYANKJIL
AJAXENGG-EQ,29624,AJAXENGG
GROWWN200-EQ,29872,GROWWN200
JUSTDIAL-EQ,29962,JUSTDIAL
AONETOTAL-EQ,29975,AONETOTAL
MOCAPITAL-EQ,30065,MOCAPITAL
ABFRL-EQ,30108,ABFRL
CASHIETF-EQ,30139,CASHIETF
BAJAJHLDNG-EQ,305,BAJAJHLDNG
BAJAJHIND-EQ,308,BAJAJHIND
INDOSTAR-EQ,3088,INDOSTAR
COMPUSOFT-EQ,31138,COMPUSOFT
BORORENEW-EQ,3149,BORORENEW
NDL-EQ,31258,NDL
HONAUT-EQ,3417,HONAUT
TATAPOWER-EQ,3426,TATAPOWER
TATAMOTORS-EQ,3456,TATAMOTORS
BBOX-EQ,3435,BBOX
TITAN-EQ,3506,TITAN
VINDHYATEL-EQ,3694,VINDHYATEL
ANMOL-EQ,3727,ANMOL
WHEELS-EQ,3766,WHEELS
ZEEL-EQ,3812,ZEEL
VARROC-EQ,3857,VARROC
NAVA-EQ,4014,NAVA
SILINV-EQ,4105,SILINV
SUNDRMBRAK-EQ,4179,SUNDRMBRAK
KEYFINSERV-EQ,4157,KEYFINSERV
SANGAMIND-EQ,4184,SANGAMIND
DENORA-EQ,4279,DENORA
STERTOOLS-EQ,4299,STERTOOLS
BHEL-EQ,438,BHEL
5PAISA-EQ,445,5PAISA
GAIL-EQ,4717,GAIL
SBCL-EQ,4656,SBCL
EPIGRAL-EQ,5382,EPIGRAL
NGIL-EQ,5401,NGIL
CANFINHOME-EQ,583,CANFINHOME
CARBORUNIV-EQ,595,CARBORUNIV
SOUTHBANK-EQ,5948,SOUTHBANK
AIROLAM-EQ,6068,AIROLAM
DTIL-EQ,6227,DTIL
HEALTHY-EQ,6297,HEALTHY
NATIONALUM-EQ,6364,NATIONALUM
FINOPB-EQ,6579,FINOPB
IVC-EQ,6711,IVC
NIPPOBATRY-EQ,6782,NIPPOBATRY
HEMIPROP-EQ,701,HEMIPROP
SHIVALIK-EQ,7016,SHIVALIK
STARHEALTH-EQ,7083,STARHEALTH
SBIETFPB-EQ,722,SBIETFPB
JETFREIGHT-EQ,7211,JETFREIGHT
DATAPATTNS-EQ,7358,DATAPATTNS
RAJESHEXPO-EQ,7401,RAJESHEXPO
ZENTEC-EQ,7508,ZENTEC
CIFL-EQ,756015,CIFL
RAJOOENG-EQ,757049,RAJOOENG
PICCADIL-EQ,757754,PICCADIL
EUROBOND-EQ,757953,EUROBOND
SMARTWORKS-EQ,757965,SMARTWORKS
BLUEDART-EQ,495,BLUEDART
CLEAN-EQ,5049,CLEAN
SGIL-EQ,5114,SGIL
TATVA-EQ,5162,TATVA
ALIVUS-EQ,5265,ALIVUS
FMCGIETF-EQ,5306,FMCGIETF
NUVOCO-EQ,5426,NUVOCO
INTLCONV-EQ,5606,INTLCONV
ASTRAZEN-EQ,5610,ASTRAZEN
GANESHBE-EQ,5614,GANESHBE
J&KBANK-EQ,5633,J&KBANK
LIKHITHA-EQ,578,LIKHITHA
PANSARI-EQ,6141,PANSARI
SIKKO-EQ,6218,SIKKO
3IINFOLTD-EQ,6232,3IINFOLTD
APOLSINHOT-EQ,6302,APOLSINHOT
EXIDEIND-EQ,676,EXIDEIND
SMLT-EQ,6843,SMLT
DHRUV-EQ,6858,DHRUV
SHRIRAMPPS-EQ,7200,SHRIRAMPPS
HECPROJECT-EQ,7425,HECPROJECT
WOCKPHARMA-EQ,7506,WOCKPHARMA
LCCINFOTEC-EQ,7529,LCCINFOTEC
ARISINFRA-EQ,757614,ARISINFRA
ATHERENERG-EQ,757645,ATHERENERG
FISCHER-EQ,757658,FISCHER
HDBFS-EQ,757772,HDBFS
BELLACASA-EQ,757938,BELLACASA
MULTICAP-EQ,25080,MULTICAP
TREEHOUSE-EQ,25082,TREEHOUSE
BAJAJHFL-EQ,25270,BAJAJHFL
APLLTD-EQ,25328,APLLTD
PGHH-EQ,2535,PGHH
PGEL-EQ,25358,PGEL
NORTHARC-EQ,25426,NORTHARC
FLEXITUFF-EQ,25512,FLEXITUFF
HUHTAMAKI-EQ,2562,HUHTAMAKI
3PLAND-EQ,2595,3PLAND
IT-EQ,2627,IT
VSSL-EQ,27067,VSSL
KMEW-EQ,27084,KMEW
NTPCGREEN-EQ,27176,NTPCGREEN
SURAKSHA-EQ,27334,SURAKSHA
ODIGMA-EQ,27571,ODIGMA
CONSUMER-EQ,28969,CONSUMER
LAXMIDENTL-EQ,29171,LAXMIDENTL
SAIL-EQ,2963,SAIL
NATCAPSUQ-EQ,29583,NATCAPSUQ
REPCOHOME-EQ,29598,REPCOHOME
SURYODAY-EQ,2970,SURYODAY
ORIENTELEC-EQ,2972,ORIENTELEC
PRABHA-EQ,30134,PRABHA
SDL26BEES-EQ,3022,SDL26BEES
TRANSWORLD-EQ,3129,TRANSWORLD
SREEL-EQ,31837,SREEL
JTEKTINDIA-EQ,3237,JTEKTINDIA
ISGEC-EQ,3329,ISGEC
TFCILTD-EQ,3466,TFCILTD
TATASTEEL-EQ,3499,TATASTEEL
TORNTPHARM-EQ,3518,TORNTPHARM
TIL-EQ,3484,TIL
BATAINDIA-EQ,371,BATAINDIA
TOKYOPLAST-EQ,3837,TOKYOPLAST
MAHLOG-EQ,385,MAHLOG
BEML-EQ,395,BEML
REMSONSIND-EQ,3965,REMSONSIND
BEPL-EQ,419,BEPL
ATLASCYCLE-EQ,4568,ATLASCYCLE
SAREGAMA-EQ,4892,SAREGAMA
MAHAPEXLTD-EQ,5239,MAHAPEXLTD
WINDLAS-EQ,5366,WINDLAS
APTUS-EQ,5435,APTUS
GRSE-EQ,5475,GRSE
SERVOTECH-EQ,5507,SERVOTECH
JAIPURKURT-EQ,5516,JAIPURKURT
VIJAYA-EQ,5585,VIJAYA
GOODLUCK-EQ,6125,GOODLUCK
CESC-EQ,628,CESC
NIFTYETF-EQ,6353,NIFTYETF
TECHNOE-EQ,6445,TECHNOE
GRPLTD-EQ,6543,GRPLTD
RPPL-EQ,6913,RPPL
ICDSLTD-EQ,6977,ICDSLTD
SEJALLTD-EQ,7091,SEJALLTD
JMA-EQ,7109,JMA
ANANDRATHI-EQ,7145,ANANDRATHI
DCMSRIND-EQ,7325,DCMSRIND
COSMOFIRST-EQ,742,COSMOFIRST
TINNARUBR-EQ,756020,TINNARUBR
WAAREERTL-EQ,756038,WAAREERTL
MOINFRA-EQ,757031,MOINFRA
MOMGF-EQ,757099,MOMGF
MOTOUR-EQ,757443,MOTOUR
MOALPHA50-EQ,757669,MOALPHA50
SAMBHV-EQ,757767,SAMBHV
MOGOLD-EQ,757791,MOGOLD
SBILIQETF-EQ,758496,SBILIQETF
EFCIL-EQ,758675,EFCIL
LAXMIINDIA-EQ,758863,LAXMIINDIA
HILINFRA-EQ,759103,HILINFRA
MONARCH-EQ,7679,MONARCH
UNIINFO-EQ,7791,UNIINFO
RAMCOSYS-EQ,7851,RAMCOSYS
SILVERIETF-EQ,7942,SILVERIETF
MAKEINDIA-EQ,7979,MAKEINDIA
SAGARDEEP-EQ,8175,SAGARDEEP
SOFTTECH-EQ,8266,SOFTTECH
GSEC5IETF-EQ,8342,GSEC5IETF
EIHOTEL-EQ,919,EIHOTEL
INDOAMIN-EQ,9116,INDOAMIN
NILAINFRA-EQ,9253,NILAINFRA
PNCINFRA-EQ,9385,PNCINFRA
CREATIVEYE-EQ,9384,CREATIVEYE
ESCORTS-EQ,958,ESCORTS
AETHER-EQ,9810,AETHER
CHEVIOT-EQ,9879,CHEVIOT
SMARTLINK-EQ,9889,SMARTLINK
ALANKIT-EQ,9921,ALANKIT
PASHUPATI-EQ,757955,PASHUPATI
QUALITY30-EQ,757946,QUALITY30
ALLTIME-EQ,758448,ALLTIME
JSWCEMENT-EQ,758460,JSWCEMENT
KALPATARU-EQ,758558,KALPATARU
SGMART-EQ,758889,SGMART
SHREEJISPG-EQ,759448,SHREEJISPG
GEMAROMA-EQ,759461,GEMAROMA
NETF-EQ,7838,NETF
ALEMBICLTD-EQ,79,ALEMBICLTD
CROWN-EQ,8083,CROWN
DEEPAKFERT-EQ,827,DEEPAKFERT
MIDCAPETF-EQ,8413,MIDCAPETF
CHALET-EQ,8546,CHALET
VERANDA-EQ,8890,VERANDA
ELDEHSG-EQ,8953,ELDEHSG
UTISXN50-EQ,9168,UTISXN50
PGHL-EQ,940,PGHL
CAMPUS-EQ,9362,CAMPUS
KPITTECH-EQ,9683,KPITTECH
EPL-EQ,981,EPL
HAVELLS-EQ,9819,HAVELLS
VIKASLIFE-EQ,9931,VIKASLIFE
ONEPOINT-EQ,9939,ONEPOINT
CHEMBONDCH-EQ,757989,CHEMBONDCH
MEIL-EQ,758748,MEIL
BLUESTONE-EQ,759291,BLUESTONE
CGPOWER-EQ,760,CGPOWER
DABUR-EQ,772,DABUR
DALMIASUG-EQ,781,DALMIASUG
BCONCEPTS-EQ,7780,BCONCEPTS
INOXWIND-EQ,7852,INOXWIND
MHLXMIRU-EQ,7886,MHLXMIRU
AVANTIFEED-EQ,7936,AVANTIFEED
SILVERBEES-EQ,8080,SILVERBEES
MEGASTAR-EQ,8153,MEGASTAR
SPENCERS-EQ,8163,SPENCERS
LOWVOL1-EQ,8632,LOWVOL1
MUKTAARTS-EQ,8687,MUKTAARTS
RITCO-EQ,8944,RITCO
MSTCLTD-EQ,9356,MSTCLTD
TRU-EQ,9378,TRU
RVNL-EQ,9552,RVNL
METROPOLIS-EQ,9581,METROPOLIS
DELHIVERY-EQ,9599,DELHIVERY
NEXTMEDIA-EQ,9867,NEXTMEDIA
JSLL-EQ,758115,JSLL
PROSTARM-EQ,758173,PROSTARM
RAYMONDREL-EQ,758551,RAYMONDREL
ELLEN-EQ,758563,ELLEN
AONEGOLD-EQ,758904,AONEGOLD
ELM250-EQ,758952,ELM250
VIKRAMSOLR-EQ,759453,VIKRAMSOLR
IMAGICAA-EQ,7672,IMAGICAA
GRWRHITECH-EQ,7982,GRWRHITECH
DALBHARAT-EQ,8075,DALBHARAT
DCMSHRIRAM-EQ,811,DCMSHRIRAM
RPSGVENT-EQ,8119,RPSGVENT
DHAMPURSUG-EQ,857,DHAMPURSUG
PNBGILTS-EQ,8736,PNBGILTS
OBCL-EQ,8797,OBCL
PIXTRANS-EQ,9087,PIXTRANS
ARVINDFASN-EQ,9111,ARVINDFASN
TIPSMUSIC-EQ,9117,TIPSMUSIC
STLTECH-EQ,9309,STLTECH
PNC-EQ,9342,PNC
ESABINDIA-EQ,955,ESABINDIA
POLYCAB-EQ,9590,POLYCAB
VENUSPIPES-EQ,9592,VENUSPIPES
MEDICO-EQ,9667,MEDICO
AXITA-EQ,9902,AXITA
LOTUSDEV-EQ,758145,LOTUSDEV
MOSILVER-EQ,758457,MOSILVER
INTERNET-EQ,758595,INTERNET
MANUFGBEES-EQ,758667,MANUFGBEES
LTGILTCASE-EQ,758705,LTGILTCASE
GROWWNXT50-EQ,759458,GROWWNXT50
GVPIL-EQ,7862,GVPIL
MALLCOM-EQ,7965,MALLCOM
DCW-EQ,817,DCW
MAHLIFE-EQ,8050,MAHLIFE
BLUESTARCO-EQ,8311,BLUESTARCO
TVSMOTOR-EQ,8479,TVSMOTOR
MID150BEES-EQ,8506,MID150BEES
GATEWAY-EQ,8510,GATEWAY
GMRP&UI-EQ,8529,GMRP&UI
MOLOWVOL-EQ,8654,MOLOWVOL
SONAMLTD-EQ,8806,SONAMLTD
USHAMART-EQ,8840,USHAMART
TNIDETF-EQ,8882,TNIDETF
HARIOMPIPE-EQ,8968,HARIOMPIPE
EQUITASBNK-EQ,913,EQUITASBNK
ROTO-EQ,9049,ROTO
SKIPPER-EQ,9428,SKIPPER
LICI-EQ,9480,LICI
AKSHAR-EQ,9558,AKSHAR
MAHESHWARI-EQ,9576,MAHESHWARI
GOLDTECH-EQ,9874,GOLDTECH
AIRAN-EQ,9897,AIRAN
EUROTEXIND-EQ,999,EUROTEXIND
